author,authorKana,booksGenreId,itemCaption,itemPrice,publisherName,reviewAverage,reviewCount,salesDate,seriesName,seriesNameKana,size,subTitle,subTitleKana,title
司馬 遼太郎,シバ リョウタロウ,001004008003/001019001,すさまじい進撃を続けた織田信長は上洛を遂げ、将軍に足利義昭を擁立して、天下布武の理想を実行に移し始めた。しかし信長とその重臣明智光秀との間には越えられぬ深い溝が生じていた。外向する激情と内向し鬱結する繊細な感受性ー共に斉藤道三の愛顧を受け、互いの資質を重んじつつも相容れぬ二つの強烈な個性を現代的な感覚で描き、「本能寺の変」の真因をそこに捉えた完結編。,1100,新潮社,4.3,123,2004年02月,新潮文庫　新潮文庫,シンチョウブンコ　シンチョウブンコ,文庫,織田信長 後,オダノブナガ　ゴ,国盗り物語 4
司馬 遼太郎,シバ リョウタロウ,001004008003/001019001,元治元年六月の池田屋事件以来、京都に血の雨が降るところ、必ず土方歳三の振るう大業物和泉守兼定があった。新選組のもっとも得意な日々であった。やがて鳥羽伏見の戦いが始まり、薩長の大砲に白刃でいどんだ新選組は無残に破れ、朝敵となって江戸へ逃げのびる。しかし、剣に憑かれた歳三は、剣に導かれるように会津若松へ、函館五稜郭へと戊辰の戦場を血で染めてゆく。,935,新潮社,4.44,535,2007年01月,新潮文庫　しー9-9　新潮文庫,シンチョウブンコ　シンチョウブンコ,文庫,,,燃えよ剣 下
司馬 遼太郎,シバ リョウタロウ,001004008003/001019001,幕末の動乱期を新選組副長として剣に生き剣に死んだ男、土方歳三の華麗なまでに頑な生涯を描く。武州石田村の百姓の子“バラガキのトシ”は、生来の喧嘩好きと組織作りの天性によって、浪人や百姓上りの寄せ集めにすぎなかった新選組を、当時最強の人間集団へと作りあげ、己れも思い及ばなかった波紋を日本の歴史に投じてゆく。「竜馬がゆく」と並び、“幕末もの”の頂点をなす長編。,935,新潮社,4.3,774,2007年01月,新潮文庫　しー9-8　新潮文庫,シンチョウブンコ　シンチョウブンコ,文庫,,,燃えよ剣 上
司馬 遼太郎,シバ リョウタロウ,001004008003/001019001,世は戦国の初頭。松波庄九郎は妙覚寺で「智恵第一の法蓮房」と呼ばれたが、発心して還俗した。京の油商奈良屋の莫大な身代を乗っ取り、精力的かつ緻密な踏査によって、美濃ノ国を“国盗り”の拠点と定めた！戦国の革命児斎藤道三が、一介の牢人から美濃国守土岐頼芸の腹心として寵遇されるまでの若き日の策謀と活躍を、独自の史観と人間洞察によって描いた壮大な歴史物語の緒編。,880,新潮社,4.29,184,2004年01月,新潮文庫　新潮文庫,シンチョウブンコ　シンチョウブンコ,文庫,斎藤道三 前,サイトウドウサン　ゼン,国盗り物語 1
司馬 遼太郎,シバ リョウタロウ,001004008003/001019001,美濃を征服した斉藤道三は義理の子義竜の反乱に倒れたが、自らの天下統一の夢を女婿織田信長に託していた。今川義元を奇襲して鋭鋒を示した信長は、義父道三の仇を打つべく、賢臣木下藤吉郎、竹中半兵衛の智略を得て美濃を攻略した。上洛を志す信長はさらに畿内制覇の準備工作を進めてゆく…。信長の革命的戦術と人間操縦、その強烈な野性を、智将明智光秀を配して描く怒涛編。,880,新潮社,4.2,116,2004年02月,新潮文庫　新潮文庫,シンチョウブンコ　シンチョウブンコ,文庫,織田信長 前,オダノブナガ　ゼン,国盗り物語 3
司馬 遼太郎,シバ リョウタロウ,001004008003/001019001,気運が来るまで気長く待ちつつ準備する者が智者。気運が来るや、それをつかんでひと息に駆けあがる者が英雄。-それが庄九郎の信念であった。そして庄九郎こそ、智者であり英雄だった。内紛と侵略に明け暮れる美濃ノ国には英雄の出現は翹望する気運が満ちていた。“蝮”の異名にふさわしく、周到に執拗に自らの勢力を拡大し、ついに美濃の太守となった斎藤道三の生涯。,880,新潮社,4.4,100,2004年01月,新潮文庫　新潮文庫,シンチョウブンコ　シンチョウブンコ,文庫,斎藤道三 後,サイトウドウサン　ゴ,国盗り物語 2
司馬 遼太郎,シバ リョウタロウ,001004008003/001019001,,880,新潮社,4.24,160,2005年06月,新潮文庫　しー9-31　新潮文庫,シンチョウブンコ　シンチョウブンコ,文庫,,,項羽と劉邦 上
司馬 遼太郎,シバ リョウタロウ,001004008003/001019001,みなもとのよしつねーその名はつねに悲劇的な響きで語られる。源氏の棟梁の子に生まれながら、鞍馬山に預けられ、その後、関東奥羽を転々とした暗い少年時代…幾多の輝かしい武功をたて、突如英雄の座に駆け昇りはしたものの兄の頼朝に逐われて非業の最期を迎えてしまう。数奇なその生涯を生々と描き出した傑作長篇小説。,858,文藝春秋,3.88,87,2004年02月10日頃,文春文庫,ブンシュンブンコ,文庫,,,義経 上
司馬 遼太郎,シバ リョウタロウ,001004008003/001019001,同盟した薩摩と長州は着々と討幕の態勢を整えてゆく。が、竜馬はこの薩長に土佐等を加えた軍事力を背景に、思い切った奇手を案出した。大政奉還ー幕府のもつ政権をおだやかに朝廷に返させようというものである。これによって内乱を避け、外国に侵食する暇を与えず、京で一挙に新政府を樹立するー無血革命方式であった。,825,文藝春秋,4.5,181,1998年10月09日頃,文春文庫,ブンシュンブンコ,文庫,,,竜馬がゆく 七
司馬 遼太郎,シバ リョウタロウ,001004008003/001019001,慶応三年十月十三日、京は二条城の大広間で、十五代将軍徳川慶喜は大政を奉還すると表明した。ここに幕府の三百年近い政権は幕を閉じた。-時勢はこの後、坂を転げるように維新にたどりつく。しかし竜馬はそれを見とどけることもなく、歴史の扉を未来へ押しあけたまま、流星のように…。巻末に「あとがき集」を収む。,825,文藝春秋,4.65,258,1998年10月09日頃,文春文庫,ブンシュンブンコ,文庫,,,竜馬がゆく 八
司馬 遼太郎,シバ リョウタロウ,001004008003/001019001,明治維新をとげ、近代国家の仲間入りをした日本は、息せき切って先進国に追いつこうとしていた。この時期を生きた四国松山出身の三人の男達ー日露戦争においてコサック騎兵を破った秋山好古、日本海海戦の参謀秋山真之兄弟と文学の世界に巨大な足跡を遺した正岡子規を中心に、昂揚の時代・明治の群像を描く長篇小説全八冊。,803,文藝春秋,4.29,633,1999年01月08日頃,文春文庫,ブンシュンブンコ,文庫,,,坂の上の雲 一
司馬 遼太郎,シバ リョウタロウ,001004008003/001019001,楚漢の天下争いは勝負がつかない。圧倒的な項羽軍の前に、穀倉のある山にのぼってこれと対峙する劉邦軍。やがて和議成って故郷に帰る項羽軍を劉邦は追撃し垓下に囲む。ある夜、包囲軍の中から楚の国の歌が湧き上がるのを聞いた項羽は、楚人はことごとく漢に降伏したかと嘆き、天が我を滅ぼしたことを知る。あらゆる人物の典型を描出しながら、絢爛たる史記の世界を甦らせた歴史大作。,781,新潮社,4.26,127,2005年08月,新潮文庫　しー9-33　新潮文庫,シンチョウブンコ　シンチョウブンコ,文庫,,,項羽と劉邦 下
司馬 遼太郎,シバ リョウタロウ,001004008003/001019001,各地の会戦できわどい勝利を得はしたものの、日本の戦闘能力は目にみえて衰えていった。補充すべき兵は底をついている。そのとぼしい兵力をかき集めて、ロシア軍が腰をすえる奉天を包囲撃滅しようと、日本軍は捨て身の大攻勢に転じた。だが、果然、逆襲されて日本軍は処々で寸断され、時には敗走するという苦況に陥った。,803,文藝春秋,4.23,198,1999年02月10日頃,文春文庫,ブンシュンブンコ,文庫,,,坂の上の雲 七
司馬遼太郎,"シバ,リョウタロウ",001004008003/001019001,東西両軍の兵力じつに十数万、日本国内における古今最大の戦闘となったこの天下分け目の決戦の起因から終結までを克明に描きながら、己れとその一族の生き方を求めて苦闘した著名な戦国諸雄の人間像を浮彫りにする壮大な歴史絵巻。秀吉の死によって傾きはじめた豊臣政権を簒奪するために家康はいかなる謀略をめぐらし、豊家安泰を守ろうとする石田三成はいかに戦ったのか。,825,新潮社,4.39,226,2003年09月,新潮文庫,シンチョウ ブンコ,文庫,,,関ヶ原（上巻）改版
司馬 遼太郎,シバ リョウタロウ,001004008003/001019001,日清戦争から十年ーじりじりと南下する巨大な軍事国家ロシアの脅威に、日本は恐れおののいた。「戦争はありえない。なぜならば私が欲しないから」とロシア皇帝ニコライ二世はいった。しかし、両国の激突はもはや避けえない。病の床で数々の偉業をなしとげた正岡子規は戦争の足音を聞きつつ燃えつきるようにして、逝った。,803,文藝春秋,4.32,236,1999年01月08日頃,文春文庫,ブンシュンブンコ,文庫,,,坂の上の雲 三
司馬 遼太郎,シバ リョウタロウ,001004008003/001019001,叔父・項梁の戦死後、反乱軍の全権を握った項羽は、鉅鹿の戦いで章邯将軍の率いる秦の主力軍を破った。一方、別働隊の劉邦は、そのすきに先んじて関中に入り函谷関を閉ざしてしまう。これに激怒した項羽は、一気に関中になだれこみ、劉邦を鴻門に呼びつけて殺そうとするが…。勇猛無比で行く所敵なしの項羽。戦べただがその仁徳で将に恵まれた劉邦。いずれが天下を制するか。,781,新潮社,4.19,88,2005年07月,新潮文庫　しー9-32　新潮文庫,シンチョウブンコ　シンチョウブンコ,文庫,,,項羽と劉邦 中
司馬　遼太郎/西　のぼる,シバ　リヨウタロウ/ニシ　ノボル,001004008003/001004008005/001019001,木下藤吉郎に請われいったんは信長に加担した孫市だったが、騙されたと知り紀州・雑賀へと帰った。図らずも憧れの姫君と再会し、今度はなんと信長最大の敵・石山本願寺に味方するよう懇請される。藤吉郎との奇妙な友情も通わせながら、孫市率いる雑賀衆三千の鉄砲が信長勢に火を噴いた！生来の楽天主義と無敵の鉄砲で、信長に見事「尻啖わせた」男の魅力を圧倒的な面白さで描く司馬文学の傑作。文字が大きく読みやすい新装版。,814,KADOKAWA,4.22,12,2008年10月25日頃,角川文庫,カドカワブンコ,文庫,,,尻啖え孫市（下）　新装版
司馬　遼太郎/西　のぼる,シバ　リヨウタロウ/ニシ　ノボル,001004008003/001004008005/001019001,織田信長の岐阜城下に、真っ赤な袖無羽織に二尺の大鉄扇、「日本一」と書いた旗を従者に持たせた偉丈夫がふらりと姿を現した。その名は雑賀孫市。鉄砲三千挺の威力を誇る紀州雑賀衆の若き頭目だった。無類の女好きが、信長の妹を見初めてやってきたのだ。孫市を何とか織田方に引き入れようと、木下藤吉郎は策を巡らす。はたしてその姫君とは…。戦国を駆け抜けた破天荒な快男児を描く痛快長編！文字が大きく読みやすい新装版。,792,KADOKAWA,4.33,14,2008年10月25日頃,角川文庫,カドカワブンコ,文庫,,,尻啖え孫市（上）　新装版
司馬 遼太郎,シバ リョウタロウ,001004008003/001019001,,880,新潮社,4.25,87,2007年09月,新潮文庫　しー9-11　新潮文庫,シンチョウブンコ　シンチョウブンコ,文庫,,,新史太閤記 下
司馬 遼太郎,シバ リョウタロウ,001004008003/001019001,黒船の出現以来、猛然と湧き上ってきた勤王・攘夷の勢力と、巻き返しを図る幕府との抗争は次第に激化してきた。先進の薩摩、長州に遅れまいと、固陋な土佐藩でクーデターを起し、藩ぐるみ勤王化して天下へ押し出そうとする武市半平太のやり方に、限界を感じた坂本竜馬は、さらに大きな飛躍を求めて、ついに脱藩を決意した。,770,文藝春秋,4.39,228,1998年09月10日頃,文春文庫,ブンシュンブンコ,文庫,,,竜馬がゆく 二
司馬 遼太郎,シバ リョウタロウ,001004008003/001019001,池田屋ノ変、蛤御門ノ変と血なまぐさい事件が続き、時勢は急速に緊迫する。しかし幕府の屋台骨はゆるんだようにも見えない。まだ時期が早すぎるのだ…次々死んでゆく同志を想い、竜馬は暗涙にむせんだ。竜馬も窮迫した。心血を注いだ神戸海軍塾が幕府の手で解散させられてしまい、かれの壮大な計画も無に帰してしまった。,825,文藝春秋,4.44,197,1998年10月09日頃,文春文庫,ブンシュンブンコ,文庫,,,竜馬がゆく 五
司馬 遼太郎,シバ リョウタロウ,001004008003/001019001,幕府を倒すには薩摩と長州が力を合せれば可能であろう。しかし互いに憎悪しあっているこの両藩が手を組むとは誰も考えなかった。奇蹟を、一人の浪人が現出した。竜馬の決死の奔走によって、慶応二年一月、幕府の厳重な監視下にある京で、密かに薩長の軍事同盟は成った。維新への道はこの時、大きく未来に開かれたのである。,825,文藝春秋,4.57,193,1998年10月09日頃,文春文庫,ブンシュンブンコ,文庫,,,竜馬がゆく 六
司馬 遼太郎,シバ リョウタロウ,001004008003/001019001,浪人となった竜馬は、幕府の要職にある勝海舟と運命的な出会いをする。勝との触れ合いによって、かれはどの勤王の志士ともちがう独自の道を歩き始めた。生麦事件など攘夷熱の高まる中で、竜馬は逆に日本は開国して、海外と交易しなければならない、とひそかに考える。そのためにこそ幕府を倒さなければならないのだ、とも。,825,文藝春秋,4.43,236,1998年09月10日頃,文春文庫,ブンシュンブンコ,文庫,,,竜馬がゆく 三
司馬 遼太郎,シバ リョウタロウ,001004008003/001019001,作戦の転換が効を奏して、旅順は陥落した。だが兵力の消耗は日々深刻であった。北で警鐘が鳴る。満州の野でかろうじて持ちこたえ冬ごもりしている日本軍に対し、凍てつく大地を轟かせ、ロシアの攻勢が始まった。左翼を守備する秋山好古支隊に巨大な圧力がのしかかった。やせ細った防御陣地は蹂躪され、壊滅の危機が迫った。,770,文藝春秋,4.18,200,1999年02月10日頃,文春文庫,ブンシュンブンコ,文庫,,,坂の上の雲 六
司馬 遼太郎,シバ リョウタロウ,001004008003/001019001,,935,新潮社,4.27,103,2007年09月,新潮文庫　しー9-10　新潮文庫,シンチョウブンコ　シンチョウブンコ,文庫,,,新史太閤記 上
司馬 遼太郎,シバ リョウタロウ,001004008003/001019001,本日天気晴朗ナレドモ浪高シー明治三十八年五月二十七日早朝、日本海の濛気の中にロシア帝国の威信をかけたバルチック大艦隊がついにその姿を現わした。国家の命運を背負って戦艦三笠を先頭に迎撃に向かう連合艦隊。大海戦の火蓋が今切られようとしている。感動の完結篇。巻末に「あとがき集」他を収む。,803,文藝春秋,4.48,286,1999年02月10日頃,文春文庫,ブンシュンブンコ,文庫,,,坂の上の雲 八
司馬 遼太郎,シバ リョウタロウ,001004008003/001019001,,935,新潮社,4.23,68,2003年10月,新潮文庫　新潮文庫,シンチョウブンコ　シンチョウブンコ,文庫,,,峠 中
司馬 遼太郎,シバ リョウタロウ,001004008003/001019001,,781,新潮社,4.21,118,2003年10月,新潮文庫　新潮文庫,シンチョウブンコ　シンチョウブンコ,文庫,,,峠 下
司馬遼太郎,"シバ,リョウタロウ",001004008003/001019001,天下取りの見果てぬ夢を追い求めて関ヶ原盆地に群れ集った１０数万の戦国将兵たち…。老獪、緻密な家康の策謀は、三成の率いる西軍の陣営をどのように崩壊させたか？両雄の権謀の渦の中で、戦国将兵たちはいかにして明日の天下に命運をつなぎ、また亡び去ったのか？戦闘俯瞰図とも言うべき雄大な描写の中に、決戦に臨む武将たちの人間像とその盛衰を描く、波瀾の完結編。,825,新潮社,4.37,155,2003年09月,新潮文庫,シンチョウ ブンコ,文庫,,,関ヶ原（下巻）改版
司馬遼太郎,"シバ,リョウタロウ",001004008003/001019001,秀吉の死後、天下は騒然となった。太閤の最信任を獲得した能吏三成は主君の遺命をひたすら堅守したが、加藤清正、福島正則ら戦場一途の武将たちは三成を憎んで追放せんとする。周到な謀略によって豊家乗っ取りにかかった家康は、次々と反三成派を篭絡しつつ、上杉景勝討伐の途上、野州小山の軍議において、秀頼の命を奉ずる諸将を、一挙に徳川家の私兵へと転換させてしまう。,825,新潮社,4.27,111,2003年09月,新潮文庫,シンチョウ ブンコ,文庫,,,関ヶ原（中巻）改版
司馬 遼太郎,シバ リョウタロウ,001004008003/001019001,十六世紀末、朝鮮の役で薩摩軍により日本へ拉致された数十人の朝鮮の民があった。以来四百年、やみがたい望郷の念を抱きながら異国薩摩の地に生き続けた子孫たちの痛哭の詩「故郷忘じがたく候」。他、明治初年に少数で奥州に遠征した官軍の悲惨な結末を描く「斬殺」、細川ガラシャの薄幸の生涯「胡桃に酒」を収録。,627,文藝春秋,4.04,57,2004年10月08日頃,文春文庫,ブンシュンブンコ,文庫,,,故郷忘じがたく候
司馬 遼太郎,シバ リョウタロウ,001004008003/001019001,志士たちで船隊を操り、大いに交易をやり、時いたらば倒幕のための海軍にするー竜馬の志士活動の発想は奇異であり、ホラ吹きといわれた。世の中はそんな竜馬の迂遠さを嘲うように騒然としている。反動の時代ー長州の没落、薩摩の保守化、土佐の勤王政権も瓦解した。が、竜馬はついに一隻の軍艦を手に入れたのであった。,825,文藝春秋,4.38,213,1998年09月10日頃,文春文庫,ブンシュンブンコ,文庫,,,竜馬がゆく 四
司馬 遼太郎,シバ リョウタロウ,001004008003/001019001,,880,新潮社,4.33,148,2003年10月,新潮文庫　新潮文庫,シンチョウブンコ　シンチョウブンコ,文庫,,,峠 上
司馬 遼太郎,シバ リョウタロウ,001004008003/001019001,戦国時代の混沌の中から「覇王の家」を築き上げた家康の、勝者の条件とはいったい何だったのか…。小牧・長久手の戦いで、時の覇者秀吉を事実上破った徳川家康。その原動力は、三河武士団という忠誠心の異常に強い集団の存在にあった。信長や秀吉とは異なる家康の捕らえがたい性格を、三河の風土の中に探り、徳川三百年の精神的支柱を明かしつつ、日本人の民族性の謎にまで迫る。,737,新潮社,3.85,64,2002年04月,新潮文庫　新潮文庫,シンチョウブンコ　シンチョウブンコ,文庫,,,覇王の家（下）
司馬 遼太郎,シバ リョウタロウ,001004008003/001019001,義経は華やかに歴史に登場する。木曽義仲を京から駆逐し、続いて平家を相手に転戦し、一ノ谷で、屋島で、壇ノ浦で潰滅させる…その得意の絶頂期に、既に破滅が忍びよっていた。彼は軍事的には天才であったが、あわれなほど政治感覚がないため、鎌倉幕府の運営に苦慮する頼朝にとって毒物以外の何物でもなくなっていた。,858,文藝春秋,3.94,77,2004年02月10日頃,文春文庫,ブンシュンブンコ,文庫,,,義経 下
司馬 遼太郎,シバ リョウタロウ,001004008003/001019001,徳川三百年ー戦国時代の騒乱を平らげ、長期政権（覇王の家）の礎を隷属忍従と徹底した模倣のうちに築き上げた徳川家康。三河松平家の後継ぎとして生まれながら、隣国今川家の人質となって幼少時を送り、当主になってからは甲斐、相模の脅威に晒されつつ、卓抜した政治力で地歩を固めて行く。おりしも同盟関係にあった信長は、本能寺の変で急逝。秀吉が天下を取ろうとしていた…。,737,新潮社,4.03,69,2002年04月,新潮文庫　新潮文庫,シンチョウブンコ　シンチョウブンコ,文庫,,,覇王の家（上）
司馬 遼太郎,シバ リョウタロウ,001004008003/001019001,海外渡航を試みるという、大禁を犯した吉田松陰は郷里の萩郊外、松本村に蟄居させられる。そして安政ノ大獄で、死罪に処せられるまでの、わずか三年たらずの間、粗末な小屋の塾で、高杉晋作らを相手に、松陰が細々とまき続けた小さな種は、やがて狂気じみた、すさまじいまでの勤王攘夷運動に成長し、時勢を沸騰させてゆく。,715,文藝春秋,4.23,131,2003年03月07日頃,文春文庫,ブンシュンブンコ,文庫,,,世に棲む日日 二
司馬 遼太郎,シバ リョウタロウ,001004008003/001019001,「薩長連合、大政奉還、あれァ、ぜんぶ竜馬一人がやったことさ」と、勝海舟はいった。坂本竜馬は幕末維新史上の奇蹟といわれる。かれは土佐の郷士の次男坊にすぎず、しかも浪人の身でありながらこの大動乱期に卓抜した仕事をなしえた。竜馬の劇的な生涯を中心に、同じ時代をひたむきに生きた若者たちを描く長篇小説。,825,文藝春秋,4.47,643,1998年09月10日頃,文春文庫,ブンシュンブンコ,文庫,,,竜馬がゆく 一
司馬遼太郎,"シバ,リョウタロウ",001004004003/001004008003/001019007,平安の巨人空海の思想と生涯、その時代風景を照射して、日本が生んだ最初の人類普遍の天才の実像に迫る。構想十余年、著者積年のテーマに挑む司馬文学の記念碑的大作。昭和五十年度芸術院恩賜賞受賞。,754,中央公論新社,3.91,73,1994年03月,中公文庫,チュウコウブンコ,文庫,,,空海の風景（上巻）改版
司馬 遼太郎,シバ リョウタロウ,001004008003/001019001,守護・今川義忠の死による混乱を鎮めるため、早雲は駿河に下り、嫡子・竜王丸を後見することとなる。室町幕府の力はなきに等しく、国人・他侍たちが力を持ち始めていた。この時代の大きな変化を鋭く先取りした早雲は、天性の知略で彼らの信望を得、政敵を退けていき、有名な北条の治世の土台を築いていく。,858,講談社,3.66,20,2004年06月15日頃,講談社文庫,コウダンシャブンコ,文庫,,,新装版　箱根の坂（中）
司馬 遼太郎,シバ リョウタロウ,001004008003/001019001,明治三十七年二月、日露は戦端を開いた。豊富な兵力を持つ大国に挑んだ、戦費もろくに調達できぬ小国…。少将秋山好古の属する第二軍は遼東半島に上陸した直後から、苦戦の連続であった。また連合艦隊の参謀・少佐真之も堅い砲台群でよろわれた旅順港に潜む敵艦隊に苦慮を重ねる。緒戦から予断を許さない状況が現出した。,803,文藝春秋,4.35,222,1999年01月08日頃,文春文庫,ブンシュンブンコ,文庫,,,坂の上の雲 四
司馬 遼太郎,シバ リョウタロウ,001004008003/001019001,,935,新潮社,4.21,83,2002年03月,新潮文庫　しー9-19　新潮文庫,シンチョウブンコ　シンチョウブンコ,文庫,,,花神 下
司馬 遼太郎,シバ リョウタロウ,001004008003/001019001,信長が殺された。秀吉は「主の仇」光秀を山城山崎で討ち、その二年後には、豊臣政権を確立した。官兵衛は自分の天下構想を秀吉という素材によって、たとえ一部でも描きえたことに満足だっただろう。この戦国の異才が秀吉に隠居を許され、髪をおろし入道し「如水」と号したのは、四十八歳のときであった。,770,講談社,4.12,47,2004年01月15日頃,講談社文庫,コウダンシャブンコ,文庫,,,新装版　播磨灘物語（4）
司馬 遼太郎,シバ リョウタロウ,001004008003/001019001,強靱な旅順要塞の攻撃を担当した第三軍は、鉄壁を正面から攻めておびただしい血を流しつづけた。一方、ロシアの大艦隊が、東洋に向かってヨーロッパを発航した。これが日本近海に姿を現わせば、いま旅順港深く息をひそめている敵艦隊も再び勢いをえるだろう。それはこの国の滅亡を意味する。が、要塞は依然として陥ちない。,803,文藝春秋,4.25,218,1999年02月10日頃,文春文庫,ブンシュンブンコ,文庫,,,坂の上の雲 五
司馬 遼太郎,シバ リョウタロウ,001004008003/001019001,戦争が勃発した…。世界を吹き荒れる帝国主義の嵐は、維新からわずか二十数年の小国を根底からゆさぶり、日本は朝鮮をめぐって大国「清」と交戦状態に突入する。陸軍少佐秋山好古は騎兵を率い、海軍少尉真之も洋上に出撃した。一方正岡子規は胸を病みながらも近代短歌・俳句を確立しようと、旧弊な勢力との対決を決意する。,803,文藝春秋,4.18,262,1999年01月08日頃,文春文庫,ブンシュンブンコ,文庫,,,坂の上の雲 二
司馬 遼太郎,シバ リョウタロウ,001004008003/001019001,戦国の争乱期に遅れて僻遠の地に生れたが故に、奥羽の梟雄としての位置にとどまらざるをえなかった伊達政宗の生涯を描いた『馬上少年過ぐ』。英国水兵殺害事件にまきこまれた海援隊士の処置をめぐって、あわただしい動きを示す坂本竜馬、幕閣、英国公使らを通して、幕末の時代像の一断面を浮彫りにした『慶応長崎事件』。ほかに『英雄児』『喧嘩草雲』『重庵の転々』など全７編を収録する。,781,新潮社,4.06,57,2006年02月,新潮文庫　しー9-24　新潮文庫,シンチョウブンコ　シンチョウブンコ,文庫,,,馬上少年過ぐ
司馬遼太郎,"シバ,リョウタロウ",001004004003/001004008003/001019001,大陸文明と日本文明の結びつきを達成した空海は、哲学宗教文学教育、医療施薬から土木灌漑建築まで、八面六臀の活躍を続ける。その死の秘密をもふくめて描く完結篇。昭和五十年度芸術院恩賜賞受賞。,817,中央公論新社,3.7,64,1994年03月,中公文庫,チュウコウブンコ,文庫,,,空海の風景（下巻）改版
司馬　遼太郎/蓬田　やすひろ,シバ　リヨウタロウ/ヨモギダ　ヤスヒロ,001004008003/001004008008/001019001,勤皇か佐幕か、血なまぐさい抗争に明け暮れる維新前夜の京都に、その治安維持を任務として組織された剣客集団、新選組。名刀の真贋を軸に近藤勇の不敗神話を描く「虎徹」、赤穂浪士討ち入り以来の屈折した心情に迫る「池田屋異聞」、悲恋に涙する剣士の素顔を綴る「沖田総司の恋」など、「誠」の旗印に参集した男たちの内面を通して、歴史小説の第一人者がその実像を浮き彫りにする。活字が大きく読みやすい新装版。,968,KADOKAWA,4.25,266,2003年11月22日頃,角川文庫,カドカワブンコ,文庫,,,新選組血風録　新装版
司馬 遼太郎,シバ リョウタロウ,001004008003/001008022007,,3737,文藝春秋,4.5,2,1971年11月30日頃,,,全集・双書,,,司馬遼太郎全集 第11巻 国盗り物語 後
司馬 遼太郎,シバ リョウタロウ,001004008003/001008022007,,3737,文藝春秋,3.0,1,1971年10月29日頃,,,全集・双書,,,司馬遼太郎全集 第10巻 国盗り物語 前
司馬 遼太郎,シバ リョウタロウ,001004008003/001019001,狂躁の季節がきた。長州藩は既に過激派の高杉晋作をすら乗りこえ藩ぐるみで暴走をかさねてゆく。元冶元（１８６４）年七月に、京へ武力乱入し壊滅、八月には英仏米蘭の四カ国艦隊と戦い惨敗…そして反動がくる。幕府は長州征伐を決意し、その重圧で藩には佐幕政権が成立する。が、高杉は屈せず、密かに反撃の機会を窺っていた。,715,文藝春秋,4.3,107,2003年04月10日頃,文春文庫,ブンシュンブンコ,文庫,,,世に棲む日日 三
司馬 遼太郎,シバ リョウタロウ,001004008003/001019001,嘉永六（１８５３）年、ペリーの率いる黒船が浦賀沖に姿を現して以来、攘夷か開国か、勤王か佐幕か、をめぐって、国内には、激しい政治闘争の嵐が吹き荒れる。この時期骨肉の抗争をへて、倒幕への主動力となった長州藩には、その思想的原点に立つ吉田松陰と後継者たる高杉晋作があった。変革期の青春の群像を描く歴史小説全四冊。,715,文藝春秋,4.19,247,2003年03月07日頃,文春文庫,ブンシュンブンコ,文庫,,,世に棲む日日 一
司馬 遼太郎,シバ リョウタロウ,001004008003/001019001,動けば雷電の如く、発すれば風雨の如し…。わずか八十人で兵を挙げた高杉晋作のクーデターは、きわどく成功する。幕府は、慶応二（１８６６）年、この長州藩を圧し潰そうと、天下の兵を糾合し、藩の四境から進攻するが、時運はすでに移り変っていた。維新の曙光を認めながら、しかし高杉はもはや死の床にあった。,715,文藝春秋,4.23,144,2003年04月10日頃,文春文庫,ブンシュンブンコ,文庫,,,世に棲む日日 四
司馬 遼太郎,シバ リョウタロウ,001004008003/001019001,,693,文藝春秋,3.86,180,1997年07月10日頃,文春文庫,ブンシュンブンコ,文庫,,,徳川慶喜 最後の将軍
司馬 遼太郎,シバ リョウタロウ,001004008003/001019001,,880,新潮社,4.15,59,2002年05月,新潮文庫　しー9-18　新潮文庫,シンチョウブンコ　シンチョウブンコ,文庫,,,花神 中
司馬遼太郎,"シバ,リョウタロウ",001004008003/001019001,周防の村医から一転して討幕軍の総司令官となり、維新の渦中で非業の死をとげたわが国近代兵制の創始者大村益次郎の波瀾の生涯を描く長編。動乱への胎動をはじめた時世をよそに、緒方洪庵の適塾で蘭学の修養を積んでいた村田蔵六（のちの大村益次郎）は、時代の求めるままに蘭学の才能を買われ、宇和島藩から幕府、そして郷里の長州藩へととりたてられ、歴史の激流にのめりこんでゆく。,825,新潮社,4.29,117,2002年06月,新潮文庫,シンチョウ ブンコ,文庫,,,花神（上巻）改版
司馬 遼太郎,シバ リョウタロウ,001004008003/001019001,明治維新の激動期を司法卿として敏腕をふるいながらも、明治六年、征韓論争で反対派の大久保利通、岩倉具視らと対立。敗れて下野した江藤新平は佐賀の地から、明治中央政府への反乱を企てたが…。三十四歳から四十一歳までのわずか七年間に、栄光と転落を味わった「ふしぎ」な生涯を描く傑作歴史長編。,990,講談社,4.3,31,2005年02月15日頃,講談社文庫,コウダンシャブンコ,文庫,,,新装版　歳月（下）
司馬 遼太郎,シバ リョウタロウ,001004008003/001020001,幕末の激動期、武州多摩のバラガキだった土方歳三は、近藤勇、沖田総司らとともに、京へ上る。京都守護職御預の名のもと、「新選組」を結成、池田屋事件などで、世にその名を轟かせていく。しかし薩長同盟成立で、時流は一気に倒幕へ。最後まで夢と信念を貫き、土方は江戸、会津、函館へ向かう。剣ひとすじに生きた男の苛烈な生涯を描く、国民的ベストセラー！,1540,文藝春秋,4.46,16,2020年04月06日頃,,,新書,,,燃えよ剣
司馬 遼太郎,シバ リョウタロウ,001004008003/001019001,「この銭、貰うた」。逃げた父の代わりに金を稼がねばならなくなった万吉は、身体を張った“どつかれ屋”として身を起こす。やがて生来の勘とど根性と愛嬌を元手に、堂島の米相場破りを成功させ、度胸一の極道屋・明石屋万吉として知らぬ者のない存在となった。そんな万吉に大坂町奉行から密かな依頼がくる。,990,講談社,4.27,12,2007年06月,講談社文庫,コウダンシャブンコ,文庫,,,新装版　俄（上）　浪華遊侠伝
司馬遼太郎,"シバ,リョウタロウ",001004004003/001004008003/001019001,なぜか九州平戸島に漂着した韃靼公主を送って、謎多いその故国に赴く平戸武士桂庄助の前途になにが待ちかまえていたか。「１７世紀の歴史が裂けてゆく時期」に出会った２人の愛の行方を軸に、東アジアの海陸に展開される雄大なロマン。第１５回大仏次郎賞受賞作。,963,中央公論新社,3.86,14,1991年01月01日頃,中公文庫,チュウコウ ブンコ,文庫,,,韃靼疾風録（上巻）
司馬 遼太郎,シバ リョウタロウ,001004008003/001019001,肥前佐賀藩の小吏の家に生まれた江藤新平。子供の頃から一種の狂気を持った人物だった。慶応三年、大政奉還を知るや「乱世こそ自分の待ちのぞんでいたときである」と、藩の国政への参画と自分の栄達をかけて、藩の外交を担い、京へのぼった。そして、卓抜な論理と事務能力で頭角を現していった。が…。,924,講談社,4.43,37,2005年02月15日頃,講談社文庫,コウダンシャブンコ,文庫,,,新装版　歳月（上）
司馬遼太郎,"シバ,リョウタロウ",001004004003/001004008003/001019001,愛らしく、豪気に、躍動する戦国の女と男。司馬遼太郎の初期傑作集。,607,中央公論新社,3.92,13,1995年05月,中公文庫,チュウコウブンコ,文庫,,,一夜官女改版
司馬 遼太郎,シバ リョウタロウ,001004008003/001019001,関東制覇を目指して、先ず伊豆を切り取った早雲は、越えがたい箱根の坂を越えて、ついに小田原攻略に成功した。まさにその時、戦国の幕が切って落とされたのである。伝統的教養と近代的領国経営法で関東の覇者となり、治世の理想を実現させ、歴史を変えていった男、北条早雲の一生を描いた傑作長編小説完結。,913,講談社,3.82,28,2004年06月15日頃,講談社文庫,コウダンシャブンコ,文庫,,,新装版　箱根の坂（下）
司馬遼太郎,シバリョウタロウ,001004008003/001019001,戦国乱世の時代、戦場を駆けた男だけでなく、女たちもまたそれぞれに「闘いの日々」を送っていた。異例の出世を遂げた豊臣秀吉の妻・北ノ政所、夫の異常なまでの嫉妬にさらされ続けた細川忠興の妻・伽羅奢（ガラシャ）から、戦上手で変わり者の侍大将に思いを寄せる人妻の由紀、夫を徹底して働かせた遊び好きの小梅まで、有名無名六人の女性が戦乱の中で咲かせた「花」を描いた珠玉の短篇集。,628,PHP研究所,3.7,20,2006年03月03日頃,PHP文芸文庫,ピーエイチピーブンゲイブンコ,文庫,司馬遼太郎・傑作短篇選,シバリョウタロウケッサクタンペンセン,戦国の女たち
司馬 遼太郎,シバ リョウタロウ,001004008003/001019001,公儀隠密を命じられた信吾は江戸から東海道を経て熊野の秘境へ向かう。安羅井国の財宝を独り占めしようとする紀州藩の隠密、幕府のお庭番が入り乱れるなか、信吾はついに安羅井国への道程を描いた丹生津姫草紙を手に入れる。凄惨な血闘の果てにたどり着いた地で信吾が見たものは？司馬伝奇長編の傑作。,814,講談社,4.0,12,2007年11月15日頃,講談社文庫,コウダンシャブンコ,文庫,,,新装版　風の武士（下）
司馬 遼太郎,シバ リョウタロウ,001004008003/001019001,,990,新潮社,3.91,64,2002年04月,新潮文庫　しー9-20　新潮文庫,シンチョウブンコ　シンチョウブンコ,文庫,,,城塞 上
司馬　遼太郎/横山　明,シバ　リヨウタロウ/ヨコヤマ　アキラ,001004008003/001004008008/001019001,貧農の家に生まれながら関白となり、位人臣を極めた豊臣秀吉の奇蹟の栄達は、その一族、縁者たちを異常な運命に巻き込んだ。平凡な彼らに与えられた非凡な栄誉と境遇は、ときに豊臣凋落の予兆となる悲劇をもたらす。甥・秀次、正室・北ノ政所、弟・秀長、妹・朝日、養子とした皇族や武将、そして大坂城に散った淀殿と秀頼。彼らの運命を描きながら、豊臣の栄華と衰亡の軌跡をたどる司馬文学の傑作。文字が大きく読みやすい新装版。,924,KADOKAWA,4.14,31,2008年02月23日頃,角川文庫,カドカワブンコ,文庫,,,豊臣家の人々　新装版
司馬 遼太郎,シバ リョウタロウ,001004008003/001019001,,935,新潮社,4.03,42,2002年04月,新潮文庫　しー9-21　新潮文庫,シンチョウブンコ　シンチョウブンコ,文庫,,,城塞 中
司馬 遼太郎,シバ リョウタロウ,001004008003/001019001,,935,新潮社,4.09,62,2002年04月,新潮文庫　しー9-22　新潮文庫,シンチョウブンコ　シンチョウブンコ,文庫,,,城塞 下
司馬 遼太郎,シバ リョウタロウ,001004008003/001019001,,1045,新潮社,4.03,158,2002年11月,新潮文庫　しー9-1　新潮文庫,シンチョウブンコ　シンチョウブンコ,文庫,,,梟の城
司馬 遼太郎,シバ リョウタロウ,001004008003/001019001,清の八十翁・松齢の庭に突如咲いた一茎の黒い花。不吉の前兆を断たんとしたその時に現われたのは（黒色の牡丹）。人間稼業から脱し、仙人として生きる修行を続ける小角がついに到達した夢幻の世界とは（睡蓮）。作家「司馬遼太郎」となる前の新聞記者時代に書かれた、妖しくて物悲しい、花にまつわる十篇の幻想小説。,550,文藝春秋,3.66,34,2009年04月10日頃,文春文庫,ブンシュンブンコ,文庫,,,花妖譚
司馬 遼太郎,シバ リョウタロウ,001004008003/001019001,,825,新潮社,3.91,109,1969年12月17日頃,新潮文庫　新潮文庫,シンチョウブンコ　シンチョウブンコ,文庫,,,人斬り以蔵
司馬遼太郎,シバ リョウタロウ,001004008003/001019001,ロシアは、その東部の寒冷地帯の運営を円滑にするために、日本に食糧の供給を求めた。が、幕府が交易を拒絶したことから、報復の連鎖反応が始まった。ロシア船が北方の日本の漁場を襲撃すれば、幕府も千島で測量中のロシア海軍少佐を捕縛する。商人にすぎない嘉兵衛の未来にも、両国の軋轢が次第に重くのしかかってくる…。,825,文藝春秋,3.97,36,2000年09月01日頃,文春文庫,ブンシュンブンコ,文庫,,,菜の花の沖（5）新装版
司馬 遼太郎,シバ リョウタロウ,001004008003/001019001,海産物の宝庫である蝦夷地からの商品の需要はかぎりなくあった。そこへは千石積の巨船が日本海の荒波を蹴たてて往き来している。海運の花形であるこの北前船には莫大な金がかかり、船頭にすぎぬ嘉兵衛の手の届くものではない。が、彼はようやく一艘の船を得た、永年の夢をとげるには、あまりに小さく、古船でありすぎたが…。,825,文藝春秋,4.28,40,2000年09月01日頃,文春文庫,ブンシュンブンコ,文庫,,,菜の花の沖（2）新装版
司馬 遼太郎,シバ リョウタロウ,001004008003/001019001,エトロフ島は好漁場であったが、すさまじい潮流が行く手を妨げ、未開のままだった。しかし幕府は北辺の防備を固めるため、ここに航路を確立する必要を痛感して、この重要で困難な仕事を嘉兵衛に委ねた。彼の成功は、蝦夷人にも幕府にも大きな利益をもたらすであろう。が、すでにロシアがすぐとなりのウルップ島まで来ていた。,770,文藝春秋,4.24,34,2000年09月01日頃,文春文庫,ブンシュンブンコ,文庫,,,菜の花の沖 四
司馬遼太郎,"シバ,リョウタロウ",001004003001/001004008003/001019001,「奥州こがれ」を持ち続けた著者は、高名な白河の関から旅を始める。戊辰戦争の舞台となった白河を歩き、会津若松に向かう。会津藩への思いは深く、「私には、強い同情がある」と、あらためて念を押す。舞台が変わって「赤坂散歩」は以後につづく東京編の第一作。勝海舟、乃木希典といった人物のほか、大岡越前守、浅野内匠頭の妻、瑤泉院も登場し、江戸時代に引き込まれる。,858,朝日新聞出版,3.71,7,2009年04月,朝日文庫,アサヒ ブンコ,文庫,,,街道をゆく（33）新装版
司馬遼太郎,"シバ,リョウタロウ",001004003001/001004008003/001019001,「私が韓国にゆきたいと思ったのは、十代のおわりごろからである」-宿願をはたすため、いまだ“日帝支配三十六年”の傷口の乾かぬなかをゆく。素朴な農村をたどって加羅・新羅・百済の故地を訪ね、「韓」と「倭」の原型に触れようとする旅は、海峡をはさんだ両国の民が、はるかいにしえから分かちがたく交わってきたことを確認する旅でもあった。,682,朝日新聞出版,4.0,18,2008年08月,朝日文庫,アサヒ ブンコ,文庫,,,街道をゆく（2）新装版
司馬 遼太郎,シバ リョウタロウ,001004008003/001019001/001019007,儲からないことするヤツはアホや！明けても暮れても金、金の大坂では武士道も額面通りには通らない。義のために突き進もうと、鳥居又七は江戸の彰義隊に参加したが…。幕末大坂の武士と町人の気風を語る表題作の他、いずれも、上方の心意気を軽妙な筆致で描き、意外な結末が魅力の好短編５本を収録。,748,講談社,4.0,21,2005年12月15日頃,講談社文庫,コウダンシャブンコ,文庫,,,新装版　大坂侍
司馬 遼太郎,シバ リョウタロウ,001004008003/001019001,,858,講談社,4.14,8,2007年08月10日頃,講談社文庫,コウダンシャブンコ,文庫,,,新装版　尻啖え孫市（下）
司馬 遼太郎,シバ リョウタロウ,001004008003/001019001,突然の災厄が、嘉兵衛を襲った。彼自身がロシア船に囚われ、遠くカムチャツカに拉致されたのだ。だが彼はこの苦境の下で、国政にいささかの責任もない立場ながらもつれにもつれたロシアと日本の関係を独力で改善しようと、深く決意したのである、たとえどんな難関が待ち受けていようとも…感動の完結篇。,770,文藝春秋,4.44,50,2000年09月01日頃,文春文庫,ブンシュンブンコ,文庫,,,菜の花の沖 六
司馬 遼太郎,シバ リョウタロウ,001004008003/001019001,戦国の英雄たちの中で群を抜いて輝く二人の武将ー天稟の智将・真田幸村と、千軍万馬の勇将・後藤又兵衛。名将なるが故の葛藤と互いの深い洞察を語る『軍師二人』。徳川家康の女性観を描く『嬖女守り』。他、争乱の時代を生きた、戦にも、女にも強い、生き物の典型としての男たちを描く、興趣尽きない短編集。,880,講談社,3.72,40,2006年03月15日頃,講談社文庫,コウダンシャブンコ,文庫,,,新装版　軍師二人
司馬 遼太郎,シバ リョウタロウ,001004008003/001019001,蝦夷地の主・松前藩は、アイヌの人びとを酷使して豊富な海産物を独占していたが、この内実を他に知られるのを恐れ、北辺にせまる大国ロシアの足音を聞きながら、それをも隠し続けた。漸くにして嘉兵衛が巨船を作り上げ、憧れのかの地を踏んだころから、情勢は意外な展開をみせ始めた。幕府が東蝦夷地の経営に乗り出したのだ。,825,文藝春秋,4.39,34,2000年09月01日頃,文春文庫,ブンシュンブンコ,文庫,,,菜の花の沖（3）新装版
司馬遼太郎,"シバ,リョウタロウ",001004003001/001004008003/001019001,東北の南部人を考える「陸奥のみち」を満喫したあと、南に針路を転じ、「肥薩のみち」を歩いた。「われわれは田原坂に来てしまったのである」とつぶやく著者は、ちょうど大作の『翔ぶが如く』を連載中だった。「薩摩」の人間風土は書くのは大変なんですよと、正直に読者に悩みを打ち明けてもいる。,682,朝日新聞出版,4.13,8,2008年08月,朝日文庫,アサヒ ブンコ,文庫,,,街道をゆく（3）新装版
司馬遼太郎,"シバ,リョウタロウ",001004003001/001004008003/001019001,山伏や願人坊主など、信仰の古層を一枚ずつ剥いでいく「洛北諸道」、源義経や明智光秀が馬を進めた途をたどる「丹波篠山街道」、戦国の世にひときわの光芒を放った自由都市をしのぶ「堺・紀州街道」など、小さいながらも趣ある五つの旅。折からの列島改造ブームが、歴史の堆積深い風土を壊していくことへの警鐘を、著者はいち早く鳴らす。,726,朝日新聞出版,4.33,7,2008年08月,朝日文庫,アサヒ ブンコ,文庫,,,街道をゆく（4）新装版
司馬遼太郎,"シバ,リョウタロウ",001004003001/001004008003/001007007,江戸時代の藩邸跡が、お雇い外国人の住まいとなり、やがて庶民に開放されていく…。明治期にめまぐるしく変貌を遂げた本郷界隈について、司馬さんが執筆していた時期は、バブル経済が崩壊し日本の先行きが不透明になっていた１９９１年から９２年のことでした。夏目漱石の『三四郎』をテキストに街を歩く司馬さんの胸には、日露戦争後に経済状況が悪化していた時代を背景に『三四郎』を描いた漱石に対して、深く共感する思いがあったのかもしれません。,1540,朝日新聞出版,0.0,0,2016年03月25日頃,,,単行本,全文掲載中高生から大人まで,ゼンブン ケイサイ チュウコウセイ カラ オトナ マデ,司馬遼太郎『街道をゆく』用語解説詳細地図付き本郷界隈（2）
司馬遼太郎,"シバ,リョウタロウ",001004004003/001004008003/001019001,殺生関白秀次、太閤様以上と囁かれた北ノ政所、桂離宮を造営した八条宮、大坂城とともに滅んだ淀殿母子など、ひとひらの幻影のような豊臣家の栄華のあとを、研ぎ澄まされた史眼と躍動する筆で現代によみがえらせ、司馬文学の魅力を満喫させる連作長篇。,963,中央公論新社,3.69,17,1993年06月,中公文庫,チュウコウ ブンコ,文庫,,,豊臣家の人々改版
司馬 遼太郎,シバ リョウタロウ,001004008003/001019001,薩長両藩が暗躍し、攘夷派の浪士たちが横行する、無政府状態に近い幕末の京。新たに京都守護職を命じられた会津の青年藩主・松平容保は、藩兵千人を率い、王城の護衛者として治安回復に乗り出すが、複雑怪奇な政治の術数に翻弄され…。表題作の他に、「加茂の水」「鬼謀の人」「英雄児」「人斬り以蔵」を収録。,902,講談社,3.82,30,2007年09月14日頃,講談社文庫,コウダンシャブンコ,文庫,,,新装版　王城の護衛者
司馬遼太郎,"シバ,リョウタロウ",001004008003/001019001,剣の道を極め、「兵法者」として頂点に立ちながらも、「軍学者」としての処遇を求め続け、野望と出世欲を捨て去れなかった宮本武蔵。才気溢れるゆえの自負と屈託、天才と紙一重の狂気など、その人物像を生い立ちから丹念に追い、新たな武蔵像を描き出した司馬文学の新境地。,748,朝日新聞出版,3.92,15,2011年10月,朝日文庫,アサヒ ブンコ,文庫,,,宮本武蔵
司馬 遼太郎,シバ リョウタロウ,001004008003/001019001,熊本をめざして進軍する政府軍を薩軍は田原坂で迎えた。ここで十数日間の激しい攻防戦が続くのである。薩軍は強かった。すさまじい士気に圧倒される政府軍は惨敗を続けた。しかし陸続と大軍を繰り出す政府軍に対し、篠原国幹以下多数の兵を失った薩軍は、銃弾の不足にも悩まされる。薩軍はついに田原坂から後退した…。,726,文藝春秋,3.86,46,2002年06月07日頃,文春文庫,ブンシュンブンコ,文庫,,,翔ぶが如く 九
司馬遼太郎,"シバ,リョウタロウ",001004003001/001004008003/001019001,中国・江南の旅に区切りをつけて飛んだ「蜀」の国、四川省。いまなお広大な田畑を潤す古代のダム都江堰の存在感は大きく、「おそらく年を経てもわすれないたぐい」の記憶と書かせた。さらに足を伸ばした「古代西南夷」の国、雲南省では、日本の稲作文化の源泉を検証。「少数民族のショーケース」ともいえる地への念願の旅に、生来の小民族好きの著者の筆も踊っているかのようだ。,704,朝日新聞出版,4.33,6,2008年12月,朝日文庫,アサヒ ブンコ,文庫,,,街道をゆく（20）新装版
司馬遼太郎,"シバ,リョウタロウ",001004003001/001004008003/001019001,急死した旧い友人の故郷、対馬への旅を思い立つ著者。船酔いに耐えつつたどり着いたその対馬は壱岐とともに、古来、日本列島と朝鮮半島の中継点でありつづけた地。海峡往還のなかでこの両島を通り過ぎた、あるいは数奇にもこの地で土に還った、有名無名の人々の人生を思う。政治情勢が帰ることを拒む故国の山影を見いだすため、波涛のかなたに目を凝らす在日朝鮮人の同行者の姿も胸を打つ。,638,朝日新聞出版,4.08,13,2008年11月,朝日文庫,アサヒ ブンコ,文庫,,,街道をゆく（13）新装版
司馬遼太郎,"シバ,リョウタロウ",001004003001/001004008003/001019001,「法華大会」を知人がうけることで、２０代のころから見たいと思いつづけてきた、その天台宗の宗教行事を拝見する機会を得る。まず坂本の街並み、赤山禅院、曼殊院門跡と、ほうぼうの登山口を周到にも訪ね直した著者は、“包囲網”を絞るかのように比叡山上へのみちをたどる。半生をかけて理解した最澄や天台の真髄をわかりやすく呈示し、いまなお人を惹きつける叡山の魅力を描く。,638,朝日新聞出版,3.8,10,2008年11月,朝日文庫,アサヒ ブンコ,文庫,,,街道をゆく（16）新装版
司馬 遼太郎,シバ リョウタロウ,001004008003/001019001,江戸の道場をつぎつぎと破り、剣名もあがった千葉周作は諸国回行に出ることを決意した。まず目指すは当時、最大の剣門「馬庭念流」の本拠地、上州。かって馬庭念流の剣客に敗れたことへの雪辱と、兵法の国・上州で名を売れば天下の剣は滔々として「北辰一刀流」になびくであろうと考えてのことだった。,704,講談社,4.41,13,2006年02月15日頃,講談社文庫,コウダンシャブンコ,文庫,,,新装版　北斗の人（下）
司馬 遼太郎,シバ リョウタロウ,001004008003/001019001,黒船来航で沸き立つ幕末。それまでの漢方医学一辺倒から、にわかに蘭学が求められるようになった時代を背景に、江戸幕府という巨大組織の中で浮上していった奥御医師の蘭学者、松本良順。悪魔のような記憶力とひきかえに、生まれついてのはみ出し者として短い一生を閉じるほかなかった彼の弟子、島倉伊之助。変革の時代に、蘭学という鋭いメスで身分社会の掟を覆していった男たち。,825,新潮社,3.97,43,1983年11月29日頃,新潮文庫　新潮文庫,シンチョウブンコ　シンチョウブンコ,文庫,,,胡蝶の夢 1
司馬 遼太郎,シバ リョウタロウ,001004008003/001019001/001019015,オーストラリア大陸の北端に浮かぶ、木曜島。その海底は、高級ボタンの材料となる白蝶貝の宝庫であった。明治の始めから太平洋戦争前まで、多くの日本人が採取のために雇われた。サメの恐怖、潜水病に耐えつつも異国の海に潜り続けた彼らの哀歓と軌跡から、日本人を描き出した表題作ほか、歴史短編三編収録。,649,文藝春秋,3.91,15,2011年08月04日頃,文春文庫,ブンシュンブンコ,文庫,,,木曜島の夜会
司馬 遼太郎,シバ リョウタロウ,001004008003/001019001,英雄豪傑が各地に輩出し、互いに覇をきそいあった戦国の世、四国土佐の片田舎に野望に燃えた若者がいた。その名は長曽我部元親。わずか一郡の領主でしかなかった彼が、武力調略ないまぜて土佐一国を制するや、近隣諸国へなだれ込んだ。四国を征服し、あわよくば京へ…。が、そこでは織田信長が隆盛の時を迎えんとしていた。,748,文藝春秋,4.14,107,2005年09月02日頃,文春文庫,ブンシュンブンコ,文庫,,,夏草の賦 上
司馬 遼太郎,シバ リョウタロウ,001004008003/001019001,黒田官兵衛。戦国時代末期の異才。牢人の子に生まれながらも、二十二歳にして播州・小寺藩の一番家老になる。だが、「この程度の小天地であくせくして自分は生涯をおわるのか」という倦怠があった。欲のうすい官兵衛だが、「広い世界へ出て、才略ひとつで天下いじりがしてみたい」という気持ちは強かった。,759,講談社,3.9,75,2004年01月15日頃,講談社文庫,コウダンシャブンコ,文庫,,,新装版　播磨灘物語（1）
司馬 遼太郎,シバ リョウタロウ,001004008003/001019001,戦国時代、それは苛酷残酷な時代であると同時に、気宇壮大な時代でもある。だからこそ、常識を常識とせず、天衣無縫、奇想天外に生涯を送る人物が輩出したのだ。超人的武勇の裏の意外な臆心、度はずれに呑気な神経の持ち主のじつは繊細な真情。戦国時代人の剛毅闊達にして人間味あふれる短編７編を収録。,726,講談社,4.0,14,2005年04月15日頃,講談社文庫,コウダンシャブンコ,文庫,,,新装版　おれは権現
司馬 遼太郎,シバ リョウタロウ,001004008003/001019001,,825,新潮社,4.17,59,2005年10月,新潮文庫　しー9-34　新潮文庫,シンチョウブンコ　シンチョウブンコ,文庫,,,風神の門 上
司馬遼太郎,"シバ,リョウタロウ",001004004003/001004008003/001008022006/001019007,暗雲渦巻く応仁の乱前夜、欲望と怨念にもだえつつ、救済を求めて彷徨する人たち。足利将軍義政と妻富子を軸にこの世の正義とは何かを問う「花の館」、権勢に輝く信長に謀叛、一族殺戮の最中に一人生きのびる武将荒木村重の非劇を描く「鬼灯」。乱世の重荷を背負う人間像を鮮やかに刻む傑作司馬史劇二篇,775,中央公論新社,3.5,5,1994年10月,中公文庫,チュウコウ ブンコ,文庫,,,花の館／鬼灯改版
司馬遼太郎,"シバ,リョウタロウ",001004004003/001004008003/001019001,悲恋に涙する沖田総司、隊士の心を妖しくときめかす前髪の美剣士、薩摩の間者富山弥兵衛、真贋の判じがたい虎徹に執する近藤勇…幕末の大動乱期、剣に生き剣に死んでいった新選組隊士一人一人の哀歓、生死のかたちを冴え冴えと浮彫りにする。,1026,中央公論新社,4.4,39,1996年04月,中公文庫,チュウコウブンコ,文庫,,,新選組血風録改版
司馬 遼太郎,シバ リョウタロウ,001004008003/001019001,幕末の混迷期、なす術を知らない三百諸侯のなかで、自らの才質をたのみ、また世間の期待を集めた「賢侯」たち。かれら土佐の山内容堂、薩摩の島津久光、伊予宇和島の伊達宗城、肥前の鍋島閑叟は「藩主なるがゆえに歴史の風当りをもっともはげしく受け、それを受けることによって痛烈な喜劇を演じさせられた」。,682,文藝春秋,4.12,86,2003年10月10日頃,文春文庫,ブンシュンブンコ,文庫,,,酔って候
司馬遼太郎,シバ リョウタロウ,001004008003/001019001,乃木希典ー日露戦争で苦闘したこの第三軍司令官、陸軍大将は、輝ける英雄として称えられた。戦後は伯爵となり、学習院院長、軍事参議官、宮内省御用掛など、数多くの栄誉を一身にうけた彼が、明治帝の崩御に殉じて、妻とともに自らの命を断ったのはなぜか？“軍神”の内面に迫り、人間像を浮き彫りにした問題作。,605,文藝春秋,3.59,65,2009年08月04日頃,文春文庫,ブンシュンブンコ,文庫,,,殉死新装版
司馬 遼太郎,シバ リョウタロウ,001004008003/001019001,土佐二十二万石の領主・長曾我部盛親は、関ケ原の戦いで西軍に組したため、一介の牢人の身に落ちた。謫居を京都に定めた盛親は、再起の野望を密かに育む。大坂冬ノ陣を機に立ち上がり、夏ノ陣に旧臣五千人とともに血戦へと臨むのだがー乱世の運命に翻弄された悲運の武将を鮮やかな筆致で描いた傑作！,968,講談社,5.0,2,2016年03月15日頃,講談社文庫,コウダンシャブンコ,文庫,,,レジェンド歴史時代小説　戦雲の夢
司馬遼太郎,"シバ,リョウタロウ",001004003001/001004008003/001019001,広島から根の谷川・江の川に沿って、毛利氏の本貫などをゆく「芸備の道」。「安芸門徒」とその地名を冠されるまでに一向宗の盛んな土地にあって門徒を先鋭化させることなく、むしろ取り込んでいった元就の器量を思う。「神戸散歩」「横浜散歩」では二大港都を相次いで歩く。神戸のあっけらかんとした明るさと、旧幕時代以来の歴史が横浜に含ませる苦味を、鮮やかに浮かび上がらせた。大きな活字で装いも新たに、新装文庫版。,748,朝日新聞出版,4.0,6,2009年01月,朝日文庫,アサヒ ブンコ,文庫,,,街道をゆく（21）新装版
司馬 遼太郎,シバ リョウタロウ,001004008003/001019001,十三世紀、ユーラシア大陸を席捲したモンゴル軍が占領したペルシャ高原のとある街。モンゴルの将軍とその命を狙うペルシャ人との暗闘を描いた「ペルシャの幻術師」（昭和三十一年、第八回講談倶楽部賞受賞）は司馬氏の幻のデビュー作で、文庫初登場である。同じく文庫初収録の「兜率天の巡礼」等、全八篇の短篇集。,748,文藝春秋,3.38,14,2001年02月09日頃,文春文庫,ブンシュンブンコ,文庫,,,ペルシャの幻術師
司馬 遼太郎,シバ リョウタロウ,001004008003/001019001,もし、おれが僻地の土佐ではなく東海の地に生れていたならば…長曽我部元親は嘆く。強盛を誇った信長が斃れても、素早く跡を襲った豊臣秀吉によって、営々と築きあげてきた四国に侵略の手が伸びてきた。そして再び土佐一国に、押し込められようとしているー土佐に興り、四国全土を席巻した風雲児の生涯。,748,文藝春秋,4.14,75,2005年09月02日頃,文春文庫,ブンシュンブンコ,文庫,,,夏草の賦 下
司馬遼太郎,"シバ,リョウタロウ",001004003001/001004008003/001019001,淡路島から大鳴門橋を経て入ってゆく「阿波紀行」。阿波の中央を深く刻んで流れる吉野川をさかのぼる。長曾我部元親、三好長慶、稲田氏などの「兵ども」が領土経営にかけた思いをたどる旅になった。「紀ノ川流域」は、在阪の筆者にとって気軽な旅。根来寺を訪ねて豁然たる境内に往時の殷賑と根来衆の強悍さをしのび、日前宮の圧倒的な森の下を歩いて「木の国」の芯を感じる。,748,朝日新聞出版,4.0,4,2009年03月,朝日文庫,アサヒ ブンコ,文庫,,,街道をゆく（32）新装版
司馬 遼太郎,シバ リョウタロウ,001004008003/001019001,木下藤吉郎（豊臣秀吉）の手についた伊右衛門の出世は、遅々としてならない。そして日の出の勢いだった織田家に転機がきた。信長が本能寺で斃されたのである。跡目をねらう諸将の中で、いち早くとび出したのは秀吉であった。伊右衛門にも運がむいてきた。四十歳を目の前にして、彼はやっと大名になった、わずか二万石の…。,726,文藝春秋,4.32,76,2005年02月10日頃,文春文庫,ブンシュンブンコ,文庫,,,功名が辻 2
司馬遼太郎,"シバ,リョウタロウ",001004004003/001004008003/001019001,おのれの武芸才能を主君に認めてもらうにはＰＲが一番と、ひたすら売名に専心した塙団右衛門の珍妙な物語をはじめ、戦国末から江戸にかけて活躍した豪傑後藤又兵衛、岩見重太郎ら、乱世を懸命に生きる男たちの豪快な生と死を著者独自の視点から取り上げた面白さ無類の短篇五篇。,649,中央公論新社,4.18,12,1993年03月,中公文庫,チュウコウ ブンコ,文庫,,,言い触らし団右衛門改版
司馬 遼太郎,シバ リョウタロウ,001004008003,旗艦三笠が、ついにロジェストウェンスキーの大艦隊を発見するにいたるのは、午後一時三十九分である。-「皇国の興廃、此の一戦に在り。各員一層奮励努力せよ」明治３８年（１９０５）５月２７日午後１時５５分、ついに四色のＺ旗がかかげられ、日本海海戦は始まった。そして「最後の武士」として生きた秋山兄弟の人生を追って、大長編は幕を閉じる。,1760,文藝春秋,4.7,15,2004年06月15日頃,,,単行本,,,坂の上の雲 六
司馬 遼太郎,シバ リョウタロウ,001004008003,考えてみれば、ロシア帝国は負けるべくして負けようとしている。-旅順陥落。世界の関心は「ロシアはなぜ負けるのか」にあった。しだいに専制国家としての陋劣さを露呈するロシア。「旅順艦隊全滅す」の報は、マダガスカル島の漁港に留まり続けるバルチック艦隊にも届いた。そして最大規模の総力戦、奉天の開戦で両軍は死闘する。,1650,文藝春秋,4.5,6,2004年06月15日頃,,,単行本,,,坂の上の雲 五
司馬 遼太郎,シバ リョウタロウ,001004008003/001008022007,,3850,文藝春秋,0.0,0,1973年07月27日頃,,,全集・双書,,,司馬遼太郎全集 第25巻 坂の上の雲 二
司馬遼太郎,"シバ,リョウタロウ",001004008003/001004015/001007007,,12980,朝日新聞出版,0.0,0,2016年05月,,,単行本,,,司馬遼太郎『街道をゆく』用語解説詳細地図付き（全8巻）
司馬 遼太郎,シバ リョウタロウ,001004008003,旅順の港とその大要塞は、日本の陸海軍にとっての最大の痛点であり、ありつづけている。-日清戦争から１０年後の明治３７年（１９０４）２月１０日、日露戦争開戦。軍事力も財政力もロシアに劣る日本は、戦局の長期化を避けたい。しかし、満州を主戦場とする陸軍にとっても、一日も早く制海権を握りたい海軍にとっても、旅順の大要塞が大きく立ち塞がった。「日本人とは何か」を問う畢生の大作。,1760,文藝春秋,4.43,8,2004年05月14日頃,,,単行本,,,坂の上の雲 三
司馬遼太郎,"シバ,リョウタロウ",001004003001/001004008003/001019001,「湖西のみち」から、二十五年の『街道』の旅は始まった。琵琶湖西岸の渡来人の足跡を確かめ、信長が逃げ込んだ朽木谷を訪ねる。幼いころの著者が遊んだ奈良の「竹内街道」、「私は日本の景色のなかで馬関（下関）の急潮をもっとも好む」と書く「長州路」には幕末を彩った吉田松陰、坂本竜馬らも登場する。,704,朝日新聞出版,4.06,17,2008年08月,朝日文庫,アサヒ ブンコ,文庫,,,街道をゆく（1）新装版
司馬遼太郎,"シバ,リョウタロウ",001004003001/001004004003/001004008003/001019001,大阪市から五條市を経由して渓谷をゆく。たどりついた奈良県十津川村に、筆者は親近感を持っていた。「幕末、十津川の人はじつによく働いた」とある。十津川郷士と呼ばれ、孝明天皇の信任を得、坂本竜馬らと親交をもち、新選組とも戦った。そのわりに明治後に栄達した人はほとんどいない。明治二十二年に大水害で村は壊滅、多くの住民が北海道に移住し、新十津川町をひらいてもいる。ドラマチックな谷間の「街道」がここにある。,594,朝日新聞出版,4.14,7,2008年10月,朝日文庫,アサヒ ブンコ,文庫,,,街道をゆく（12）新装版
司馬 遼太郎,シバ リョウタロウ,001004008003/001019001,,825,新潮社,3.71,48,2005年10月,新潮文庫　しー9-35　新潮文庫,シンチョウブンコ　シンチョウブンコ,文庫,,,風神の門 下
司馬遼太郎,"シバ,リョウタロウ",001004003001/001004008003/001019001,西南戦争の揺籃となった私学校は南方の習俗としての「若衆組」と同義ではなかったか、という仮説を検証すべく歩いた「熊野・古座街道」「大和丹生川（西吉野）街道」と、薩摩の士族文化の残像を求めて飛んだ「種子島みち」。いずれも大作『翔ぶが如く』の執筆と並行する旅だった。ほかに「天領」日田の豊かさや由布院の新しいまちづくりを実感する「豊後・日田街道」を収載。,704,朝日新聞出版,4.0,12,2008年09月,朝日文庫,アサヒ ブンコ,文庫,,,街道をゆく（8）新装版
司馬 遼太郎,シバ リョウタロウ,001004008003/001019001,幕末の情勢は大きな曲がり角にさしかかった。中央から締め出され、藩領に閉じ込められた長州藩では、勤王党の高杉晋作がクーデターに成功。そして慶応二年、ひそかに薩摩藩と手をにぎり、藩を挙げて幕府との決戦に肚を固める。その緊迫した状況の下で、刺客晋助の剣は獲物を狙って冷酷にふるわれ続けたー。,770,文藝春秋,3.73,28,2009年02月10日頃,文春文庫,ブンシュンブンコ,文庫,,,十一番目の志士 下
司馬遼太郎,"シバ,リョウタロウ",001004003001/001004008003/001019001,ドナルド・キーン氏の退官記念の講演のため再訪したニューヨーク。日本人も忘れてしまった日本を「発見」した研究者たちとの触れ合いが楽しい。ブルックリン橋のたもとで「アメリカ文明」の勃興を思い、世界中からの移民を呑み込んで膨れあがるマンハッタンを歩きつつ「アメリカのおもしろさは、変化である」と言い切る。同国の歴史を変えた「９・１１」に先立つこと約９年の旅だった。,572,朝日新聞出版,4.0,7,2009年05月,朝日文庫,アサヒ ブンコ,文庫,,,街道をゆく（39）新装版
司馬遼太郎,"シバ,リョウタロウ",001004003001/001004008003/001019001,日本人の先祖の一派で、５〜１０世紀に北海道を拠点に活躍したオホーツク人。幻の海洋民族の痕跡をたずね、著者は稚内、枝幸、常呂、網走などを歩いた。少年時代からの考古学ファンで、さらに雄大な北海道考古学の世界に魅せらせる。「雪の季節に北海道に行ってみたかった」という一行そのままに、ゴム長姿で雪を蹴散らし、地元に溶け込んでいく。,1034,朝日新聞出版,3.6,5,2009年05月,朝日文庫,アサヒ ブンコ,文庫,,,街道をゆく（38）新装版
司馬遼太郎,"シバ,リョウタロウ",001004003001/001004008003/001019001,大航海時代をヨーロッパからの視点で考えたのが『南蛮のみち』であり、中国からの視点で考えたのが『〓（びん）のみち』になる。中国東南部の福建省は古来から「〓（びん）」と呼ばれ、日本とのつながりが深い。マルコ・ポーロが立ち寄った泉州、一大海上王国をつくった鄭成功ゆかりの厦門を訪ねてゆく。筆者の脳裏に、東西交渉史の主役たちが浮かんでは消える。,704,朝日新聞出版,4.0,2,2009年02月,朝日文庫,アサヒ ブンコ,文庫,,,街道をゆく（25）新装版
司馬遼太郎,"シバ,リョウタロウ",001004003001/001004008003/001019001,シックイ、茶、急須、ウダツの原型を考えつつ、著者は蘇州や杭州を歩く。紹興では作家魯迅を思う。名作「故郷」の舞台である。少年時代の魯迅の英雄、幼友達の〓（るん）土の孫が、当時の魯迅記念館の責任者だった。筆者はうれしくて飛び上がる。旅の終わりは寧波。船に乗って港を走ると、回りは中国伝統の帆船、ジャンクだらけだった。ジャンクもまた、筆者のあこがれだった。,880,朝日新聞出版,3.83,6,2008年12月,朝日文庫,アサヒ ブンコ,文庫,,,街道をゆく（19）新装版
司馬 遼太郎,シバ リョウタロウ,001004008003,司馬遼太郎は言った。「短篇小説を書くというのは、空気を絞って水を滴らすほどのエネルギーがいる」そうして生まれた短篇の豊かな世界を発表順に味わう。第五巻は、『竜馬がゆく』連載開始直前のころの作品。,1885,文藝春秋,0.0,0,2005年08月09日頃,,,全集・双書,,,司馬遼太郎短篇全集 第五巻
司馬 遼太郎,シバ リョウタロウ,001004008003,いよいよ『梟の城』で直木賞受賞、作家・司馬遼太郎の大活躍がはじまる一九六〇年に発表された１２篇を収録。単行本未収録作４篇を含む。,1885,文藝春秋,3.33,3,2005年06月09日頃,,,全集・双書,,,司馬遼太郎短篇全集 第三巻
司馬 遼太郎,シバ リョウタロウ,001004008003,,1885,文藝春秋,4.0,1,2005年07月14日頃,,,全集・双書,,,司馬遼太郎短篇全集 第四巻
司馬 遼太郎,シバ リョウタロウ,001004008003/001008022007,漂着した女真の王女を送って「韃靼」の地へ船出した平戸藩士・桂庄助は、満洲武士団の一員として明から清への王朝交代に立ち会う。,3771,文藝春秋,0.0,0,1998年11月09日頃,,,全集・双書,,,司馬遼太郎全集 第52巻 韃靼疾風録
司馬 遼太郎,シバ リョウタロウ,001004008003,黒船の出現以来、猛然と湧き上ってきた勤王攘夷の勢力と、巻き返しを図る幕府との抗争は、次第に激化の道をたどっていった。幕末の風雲児・坂本竜馬の生涯。,1571,文藝春秋,4.34,10,1988年10月07日頃,,,単行本,,,竜馬がゆく 風雲篇
司馬遼太郎,"シバ,リョウタロウ",001004003001/001004008003/001019001,マドリードに別れを告げ、リスボン特急に乗ってポルトガルに向かう。長旅のあいだ、さまざまな話題が展開される。若き日の伊藤博文と井上馨が幕末にポルトガル人に「変装」した話、筆者自身がポルトガル人に間違えられた話…。リスボンの酒場では民族歌謡ファドに聞きほれた。雄大な旅の終わりはサグレス岬。大航海時代の礎を築いたエンリケ航海王子を思う旅でもあった。大きな活字で装いも新たに、新装文庫版。,682,朝日新聞出版,4.4,5,2009年01月,朝日文庫,アサヒ ブンコ,文庫,,,街道をゆく（23）新装版
司馬遼太郎,"シバ,リョウタロウ",001004003001/001004008003/001019001,近所の町医・安住先生の故郷を訪ねてみようと思い立って出かけた「因幡・伯耆のみち」。農法や農具の先進地だった歴史を振り返り、現在の過疎の印象とは違う一面に光をあてる。革命の「果実」を得ることなく倒れた坂本竜馬はじめ多くの土佐人たちの脱藩のみちをたどる「檮原街道」には、脱藩者が通るあいだ「目をつぶっていた」番所役人の子孫なども登場。南国らしい明るい紀行になった。,748,朝日新聞出版,3.86,8,2009年02月,朝日文庫,アサヒ ブンコ,文庫,,,街道をゆく（27）新装版
司馬 遼太郎,シバ リョウタロウ,001004008003/001008022007,,3737,文藝春秋,0.0,0,1984年02月09日頃,,,全集・双書,,,司馬遼太郎全集 第43巻 菜の花の沖 二
司馬 遼太郎,シバ リョウタロウ,001004008003,司馬遼太郎は言った。「短篇小説を書くというのは、空気を絞って水を滴らすほどのエネルギーがいる」。そうして生まれた短篇の豊かな世界を発表順に味わう。,1885,文藝春秋,3.25,4,2005年04月12日頃,,,全集・双書,,,司馬遼太郎短篇全集 第一巻
司馬遼太郎,"シバ,リョウタロウ",001004003001/001004008003/001019001,嵯峨路の登場人物も多彩だった。清和天皇、古代の秦氏、天竜寺ゆかりの夢窓国師、さらには大久保利通や夏目漱石も登場する。しっとりした旅のあと、「仙台・石巻」の主役は戦国の雄、伊達政宗。もっとも戦場の勇敢さがテーマではなく、運河の開発、河川の改修と土木に苦労した政宗を考える。松島も訪ね、「ああ松島や」の看板をみて、芭蕉に深く同情する件が楽しい。,726,朝日新聞出版,3.57,7,2009年02月,朝日文庫,アサヒ ブンコ,文庫,,,街道をゆく（26）新装版
司馬遼太郎,"シバ,リョウタロウ",001004008003,,3520,埼玉福祉会,0.0,0,2017年06月,大活字本シリーズ,ダイカツジボン シリーズ,単行本,,,夏草の賦（二）
司馬 遼太郎,シバ リョウタロウ,001004008003/001008022007,,3737,文藝春秋,5.0,1,1984年01月10日頃,,,全集・双書,,,司馬遼太郎全集 第42巻 菜の花の沖 一
司馬 遼太郎,シバ リョウタロウ,001004008003,,2304,文藝春秋,0.0,0,2005年10月14日頃,,,全集・双書,,,司馬遼太郎短篇全集 第七巻
司馬 遼太郎,シバ リョウタロウ,001004008003/001008022007,,3737,文藝春秋,4.5,2,1983年08月10日頃,,,全集・双書,,,司馬遼太郎全集 第37巻 翔ぶが如く 三
司馬遼太郎,"シバ,リョウタロウ",001004004003/001004008003/001019007,「野蛮の勃興こそ歴史の跳躍台である」。文明が衰退した明とそれに挑戦する女真との間に激しい攻防戦が始まった。世界史を切り開く動乱に翻弄される韃靼公主アビアと平戸武士桂庄助を中心として様々な人間が織りなす壮大な歴史ロマン。第１５回大仏次郎賞受賞作。,963,中央公論新社,4.12,18,1991年01月,中公文庫,チュウコウ ブンコ,文庫,,,韃靼疾風録（下巻）
司馬遼太郎,"シバ,リョウタロウ",001004003001/001004008003/001007007,４年に１度行われる天台宗の宗教行事「法華大会」。２０代の頃から見たいと思い続けてきたその秘儀に触れる機会を得た司馬さん。坊跡が点在する滋賀県大津市坂本の町並みに触れ、京都府にある延暦寺ゆかりの赤山禅院、そして曼殊院門跡の魅力を紹介しながら、少しずつ本丸・比叡山に近づいていきます。最澄が日本天台宗を開いてから１２００年。歴史と伝統を誇り、世界遺産にも登録されている「叡山」の魅力とはいったいどこにあるのでしょうか。,1540,朝日新聞出版,4.0,1,2016年03月25日頃,,,単行本,全文掲載中高生から大人まで,ゼンブン ケイサイ チュウコウセイ カラ オトナ マデ,司馬遼太郎『街道をゆく』用語解説詳細地図付き叡山の諸道（1）
司馬 遼太郎,シバ リョウタロウ,001004008003/001008022007,,3850,文藝春秋,4.0,3,1972年03月29日頃,,,全集・双書,,,司馬遼太郎全集 第3巻 竜馬がゆく 一
司馬 遼太郎,シバ リョウタロウ,001004008003,,2095,文藝春秋,0.0,0,2005年11月11日頃,,,全集・双書,,,司馬遼太郎短篇全集 第八巻
司馬遼太郎,"シバ,リョウタロウ",001004003001/001004008003/001019001,道南の函館では『菜の花の沖』の高田屋嘉兵衛、この町で布教したロシア正教のニコライ神父の生涯を考える。江差港には、幕府海軍の主力艦で、沈没に榎本武揚が戦意を失った開陽丸が眠る。旅のクライマックスは道東の陸別。『胡蝶の夢』の主人公のひとり、関寛斎の終焉の地でもある。晩年に極寒の地を開拓、深く慕われつつ劇的に生涯を閉じた。今は妻と眠る寛斎への筆者の思いは深い。,726,朝日新聞出版,4.0,13,2008年11月,朝日文庫,アサヒ ブンコ,文庫,,,街道をゆく（15）新装版
司馬遼太郎,"シバ,リョウタロウ",001004003001/001004008003/001019001,日本侵略へのフビライの執念に思いを馳せた「蒙古塚」を皮切りに、地図をながめるだけで「にわかに貿易風の吹きわたるにおいを感じてしまう」という肥前のみちをゆく。平戸から長崎へ、中世末の日本が初めて「普遍」の波に洗われた海岸に沿って歩く旅は、世界史的な視野を盛り込んだスケールの大きな「街道をゆく」に。のちの「南蛮のみち」や『韃靼疾風録』への序章ともなった。,594,朝日新聞出版,3.61,13,2008年10月,朝日文庫,アサヒ ブンコ,文庫,,,街道をゆく（11）新装版
司馬 遼太郎,シバ リョウタロウ,001004008003/001019001,大坂落城から三十年。摂津住吉の浦で独自の兵法を磨く浦安仙八の前に、ひとりの僧が現れる。妖しの力をあやつる怪僧と、公儀に虐げられる浪人の集団が、徳川幕府の転覆と明帝国の再興を策して闇に暗躍する。これは夢か現かー全集未収録の幻想歴史小説が、三十年ぶりに文庫で復活。,880,文藝春秋,3.05,22,2003年02月07日頃,文春文庫,ブンシュンブンコ,文庫,,,大盗禅師
司馬 遼太郎,シバ リョウタロウ,001004008003/001008022007,,3737,文藝春秋,0.0,0,1984年03月09日頃,,,全集・双書,,,司馬遼太郎全集 第45巻 項羽と劉邦 一
司馬 遼太郎,シバ リョウタロウ,001004008003/001008022007,,3737,文藝春秋,4.0,2,1972年05月01日頃,,,全集・双書,,,司馬遼太郎全集 第4巻 竜馬がゆく 二
司馬遼太郎,"シバ,リョウタロウ",001004003001/001004008003/001019001,島原の乱（１６３７年）が大きなテーマになっている。島原半島を歩き、戦場の原城跡で思索を重ねる。親子二代で暴政を敷いた島原領主、松倉重政・勝家親子については「ごろつき」と容赦がない。一揆に強い同情を持ちつつ、無理やり参加させられた人々のことも忘れない。天草・本渡では延慶寺の樹齢５００年の梅に魅せられる。夜の闇にうかぶ梅の花の描写が幻想的だ。,726,朝日新聞出版,4.25,8,2008年12月,朝日文庫,アサヒ ブンコ,文庫,,,街道をゆく（17）新装版
司馬 遼太郎,シバ リョウタロウ,001004008003/001008022007,,3850,文藝春秋,4.25,4,1973年10月30日頃,,,全集・双書,,,司馬遼太郎全集 第2巻 風神の門
司馬 遼太郎,シバ リョウタロウ,001004008003/001008022007,,3737,文藝春秋,5.0,1,1973年01月30日頃,,,全集・双書,,,司馬遼太郎全集 第14巻 関ヶ原 一
司馬 遼太郎,シバ リョウタロウ,001004008003/001008022007,,3737,文藝春秋,0.0,0,1984年05月21日頃,,,全集・双書,,,司馬遼太郎全集 第46巻 項羽と劉邦 二 長安から北京へ
司馬 遼太郎,シバ リョウタロウ,001004008003/001019001,征台の気運が高まる明治七年、大久保利通は政府内の反対を押し切り清国へ渡る。実権を握る李鴻章を故意に無視して北京へ入った大久保は、五十日に及ぶ滞在の末、ついに平和的解決の糸口をつかむ。一方西郷従道率いる三千人の征台部隊は清との戦闘開始を待ち望んでいた。大久保の処置は兵士達の失望と不満を生む。,748,文藝春秋,3.78,47,2002年04月10日頃,文春文庫,ブンシュンブンコ,文庫,,,翔ぶが如く 五
司馬 遼太郎,シバ リョウタロウ,001004008003/001008022007,,3850,文藝春秋,3.0,2,1974年03月29日頃,,,全集・双書,,,司馬遼太郎全集 第31巻 花神 二 惨殺 慶応長崎事件
司馬遼太郎,"シバ,リョウタロウ",001004008003/001019001,関ヶ原の役前夜、伊達と上杉が鎬を削る東北の国境。伊達は、西国牢人・赤座刑部に不落の帝釈城を築かせていた。-単身、この城を乗っ取ろうと狙う男がいた。上杉方・佐竹家の臣・車藤左である。敏捷な身のこなし、行動力にすぐれた男。加勢するは、銭愛好家、堺商人、巫女。一匹狼・藤左は敵の核心に迫った…。戦国乱世に生きた日本人を描く痛快時代小説。,814,光文社,3.38,34,2002年11月,光文社文庫,コウブンシャ ブンコ,文庫,長編時代小説,チョウヘン ジダイ ショウセツ,城をとる話
司馬遼太郎,"シバ,リョウタロウ",001004008003,己の才能を信じることを怖れ、それゆえに成功した男・家康。隷属忍従と徹底した模倣のうちに戦国の争乱を平らげ、徳川家三百年の礎を築き上げた徳川家康。いまもなお日本人の民族性に強い影響を与え続ける家康の特異な性格と思考法は、いかに育まれ、機能したかー。時の覇者・豊臣秀吉を実質的に破った小牧・長久手の戦いを中心に、伝説に隠された「覇王」家康の実像を描き、日本人の民族性の謎に迫る傑作長編。,3300,新潮社,4.5,2,1997年09月,,,単行本,,,覇王の家
司馬 遼太郎,シバ リョウタロウ,001004008003/001008022007,,3737,文藝春秋,0.0,0,1984年09月18日頃,,,全集・双書,,,司馬遼太郎全集 第50巻 ひとびとの跫音 評論随筆集
司馬遼太郎,"シバ,リョウタロウ",001004003001/001004008003/001019001,「羽州街道」では、家康に挑戦した上杉景勝、参謀の直江兼続ゆかりの米沢などを歩く。筆者は上杉景勝について、「謙信や直江兼続の華やかさよりも好きであるかもしれない」と書いている。「佐渡のみち」では、江戸初期の佐渡でおきた「小比叡事件」の主人公、辻藤左衛門が登場する。歴史的にはそれほど有名ではないが、いじめぬかれ、最期は名誉を賭けて戦った男への深い同情を感じさせる。,660,朝日新聞出版,3.82,11,2008年10月,朝日文庫,アサヒ ブンコ,文庫,,,街道をゆく（10）新装版
司馬 遼太郎,シバ リョウタロウ,001004008003/001008022007,,3850,文藝春秋,5.0,2,1973年03月29日頃,,,全集・双書,,,司馬遼太郎全集 第1巻 梟の城 上方武士道
司馬遼太郎,"シバ,リョウタロウ",001004003001/001004008003/001007007,開国した明治の日本で、流入してくる欧米文化を地方に届けていく「配電盤」の役割を一手に引き受けることになった首都・東京。そして、その中心を担ったのが、全国から優秀な学生が集まってくる東京大学でした。現在、東大がある場所は、江戸時代には水戸藩や加賀藩などのお屋敷があった場所です。江戸の匂いが残る「見返り坂」「薮下の道」「無縁坂」…坂道を上下しつつ、夏目漱石、森鴎外、樋口一葉らの旧居を訪ね、文明開化の歴史をたどっていきます。,1540,朝日新聞出版,0.0,0,2016年03月25日頃,,,単行本,全文掲載中高生から大人まで,ゼンブン ケイサイ チュウコウセイ カラ オトナ マデ,司馬遼太郎『街道をゆく』用語解説詳細地図付き本郷界隈（1）
司馬 遼太郎,シバ リョウタロウ,001004008003/001019001,応仁ノ乱で荒れる京都、室町幕府の官吏、伊勢氏一門の末席に、伊勢新九郎、後の北条早雲がいた。家伝の鞍作りに明け暮れる、毒にも薬にもならぬ人間で生涯をことなく送るのが望み、と考えていた。だが、妹分の美しい娘、千萱の出現が、彼の今までの生き方を激変させる契機となり覇者への道を歩み出した。,836,講談社,3.64,30,2004年06月15日頃,講談社文庫,コウダンシャブンコ,文庫,,,新装版　箱根の坂（上）
司馬遼太郎,"シバ,リョウタロウ",001004003001/001004008003/001019001,直木賞受賞作「梟の城」にゆかりの「甲賀と伊賀のみち」、人気の短編小説「おお、大砲」の舞台ともなった「大和・壷坂みち」を歩く。海に生きる漁業の民をルポした「明石海峡と淡路みち」、さらには「砂鉄のみち」とつづく。島根県、鳥取県、岡山県の山間のタタラ遺跡を著者は訪ねる。日本と朝鮮文化について考え続けていた著者にとって、砂鉄は重要なキーワードだった。,770,朝日新聞出版,4.14,7,2008年09月,朝日文庫,アサヒ ブンコ,文庫,,,街道をゆく（7）新装版
司馬 遼太郎,シバ リョウタロウ,001004008003/001019001,薩軍は各地を転戦の末、鹿児島へ帰った。城山に篭る薩兵は三百余人。包囲する七万の政府軍は九月二十四日早朝、総攻撃を開始する。西郷隆盛に続き、桐野利秋、村田新八、別府晋介ら薩軍幹部はそれぞれの生を閉じた。反乱士族を鎮圧した大久保利通もまた翌年、凶刃に斃れ、激動の時代は終熄したのだった。,748,文藝春秋,3.99,71,2002年06月07日頃,文春文庫,ブンシュンブンコ,文庫,,,翔ぶが如く 十
司馬遼太郎,"シバ,リョウタロウ",001004003001/001004008003/001019001,アメリカ施政権下から本土に復帰して２年足らずの沖縄をゆく旅。那覇では島尾敏雄氏と語らい、薩摩藩の侵略や明治国家の琉球処分を振り返って「日本における近代国家とは何か」を考える。まぼろしの「南波照間島」を思いつつ石垣・竹富・与那国の離島に足を伸ばすみちでは、「司馬民俗学」とも呼びうる、言語・宗教・建築・製鉄・造船などにかんする幅広い知見がつづられる。,594,朝日新聞出版,3.75,11,2008年09月,朝日文庫,アサヒ ブンコ,文庫,,,街道をゆく（6）新装版
司馬遼太郎,シバリョウタロウ,001004008003/001019001,戦国大名がしのぎを削った乱世の日本。その裏側で、忍びの者たちは熾烈な闘いを繰り広げていたーみじめな生活から逃れるべく伊賀を抜けた若き下忍の運命を描いた「下請忍者」、武田信玄が織田信長のもとに送り込んだ謎の忍者を取り上げた「忍者四貫目の死」、優れた術者二人が死力を尽くして対決する「伊賀の四鬼」等、司馬遼太郎が世に送り出した忍者小説五篇を収録した短篇集。文庫オリジナル。,523,PHP研究所,3.59,18,2007年04月04日頃,PHP文芸文庫,ピーエイチピーブンゲイブンコ,文庫,司馬遼太郎・傑作短篇選,シバリョウタロウケッサクタンペンセン,戦国の忍び
司馬 遼太郎,シバ リョウタロウ,001004008003/001019001,春の雪を血で染めた大老井伊直弼襲撃から始まる幕末狂瀾の時代を、十二の暗殺事件で描く連作小説。,880,文藝春秋,3.61,88,2001年09月04日頃,文春文庫,ブンシュンブンコ,文庫,,,幕末
司馬遼太郎,"シバ,リョウタロウ",001004008003/001019001,超人的な力の持主であるがゆえに、戦国時代の武将たちの運命を左右しながらも、やがては恐れられ殺されていった忍者たちの不可思議な生き様を描いた『果心居士の幻術』『飛び加藤』。そのほか、日本建国の神話に題材を取った『八〓（た）烏』から、幕末・新選組の裏面史を扱った『壬生狂言の夜』まで、歴史の中に埋もれた興味深い人物・事件の数々を掘りおこした作品集。,572,新潮社,3.77,19,2009年11月,新潮文庫,シンチョウ ブンコ,文庫,,,果心居士の幻術改版
司馬遼太郎,"シバ,リョウタロウ",001004008003/001019001,初期に雑誌で発表されたままの、初めて本になる短編集。,586,光文社,4.09,24,2005年01月,光文社文庫,コウブンシャ ブンコ,文庫,時代小説短編集,ジダイ ショウセツ タンペンシュウ,侍はこわい
司馬 遼太郎,シバ リョウタロウ,001004008003/001019001,怨霊や生霊の世界が身近にあった室町時代末期。六代将軍の落胤という熊野の源四郎は「将軍になろう」と、飢饉と戦乱で荒廃しきった京へ上る。都では八代将軍足利義政の御台所日野富子と、側室の今参りの局が権勢争いに明け暮れていた。その暗闘に巻き込まれた源四郎を、幻術師・唐天子の奇々怪々な幻戯が襲う。,792,講談社,3.11,12,2007年10月16日頃,講談社文庫,コウダンシャブンコ,文庫,,,新装版　妖怪（上）
司馬 遼太郎,シバ リョウタロウ,001004008003/001019001,長州藩の下層の出ではあったが、天堂晋助の剣の天稟は尋常なものではなかった。ふとしたことから彼を知った藩の過激派の首魁高杉晋作は、晋助を恐るべき刺客に仕立てあげる。京で大坂でそして江戸で忽然と現われ、影のように消え去る幻の殺人者のあとには、常におびただしい血が残された…剣の光芒が錯綜する幕末の狂宴。,770,文藝春秋,3.93,27,2009年02月10日頃,文春文庫,ブンシュンブンコ,文庫,,,十一番目の志士（上）新装版
司馬 遼太郎,シバ リョウタロウ,001004008003/001019001,関ケ原決戦ー徳川方についた伊右衛門は、この華々しい戦でも前線へ投入されたわけではない。勝ち負けさえわからぬほど遠くにあって銃声と馬蹄の轟きを聞いていた。しかし、戦後の行賞ではなんと土佐二十四万石が…。そこには長曽我部の旧臣たちの烈しい抵抗が燃えさかっていた。戦国痛快物語完結篇。,726,文藝春秋,4.17,98,2005年03月10日頃,文春文庫,ブンシュンブンコ,文庫,,,功名が辻 4
司馬遼太郎,シバ リョウタロウ,001004008003/001019001,熊本、萩における士族の蜂起をただちに鎮圧した政府は、鹿児島への警戒を怠らなかった。殊に大警視川路利良の鹿児島私学校に対する牽制はすさまじい。川路に命を受けた密偵が西郷の暗殺を図っているー風聞が私学校に伝わった。明治十年二月六日、私学校本局では対政府挙兵の決議がなされた。大久保利通の衝撃は大きかった…。,726,文藝春秋,3.81,48,2002年05月10日頃,文春文庫,ブンシュンブンコ,文庫,,,翔ぶが如く（7）新装版
司馬遼太郎,シバ リョウタロウ,001004008003/001019001,明治十年二月十七日、薩軍は鹿児島を出発、熊本城めざして進軍する。西郷隆盛にとって妻子との永別の日であった。迎える熊本鎮台司令長官谷干城は篭城を決意、援軍到着を待った。戦闘は開始された。「熊本城など青竹一本でたたき割る」勢いの薩軍に、綿密な作戦など存在しなかった。圧倒的な士気で城を攻めたてた。,726,文藝春秋,3.84,45,2002年05月10日頃,文春文庫,ブンシュンブンコ,文庫,,,翔ぶが如く（8）新装版
司馬 遼太郎,シバ リョウタロウ,001004008003/001019001,天下にむかってはなばなしく起ち上った織田信長の家中に、ぼろぼろ伊右衛門とよばれる、うだつの上らない武士がいた。その彼に、賢くて美しい嫁がくるという…伊右衛門は妻千代の励ましを受けて、功名をめざして駈けてゆく。戦国時代、夫婦が手をとりあってついには土佐一国の大名の地位をえた山内一豊の痛快物語。全四冊。,726,文藝春秋,4.31,156,2005年02月10日頃,文春文庫,ブンシュンブンコ,文庫,,,功名が辻（1）新装版
司馬遼太郎,"シバ,リョウタロウ",001004003001/001004008003/001019001,「私はどうにも近江が好きである」-「湖西のみち」（第１巻）以来の「近江散歩」。江戸時代と変わらずたたずむもぐさ店や銃砲店に驚き、一方で景観や湖水を我が物顔に侵す乱開発を憤る。「奈良散歩」では春浅い東大寺に千年以上の伝統を持つ修二会（お水取り）の行事を訪ねる。「この世には移ろわぬものがあるという安堵感」を説くくだりは、「文明」と「文化」の違いを考えさせて、深い。,924,朝日新聞出版,4.42,13,2009年01月,朝日文庫,アサヒ ブンコ,文庫,,,街道をゆく（24）新装版
司馬 遼太郎,シバ リョウタロウ,001004008003/001008022007,,3850,文藝春秋,0.0,0,1972年09月29日頃,,,全集・双書,,,司馬遼太郎全集 第19巻 峠 一
司馬 遼太郎,シバ リョウタロウ,001004008003/001008022007,,3737,文藝春秋,3.0,1,1981年12月,,,全集・双書,,,司馬遼太郎全集 第20巻 峠 二 酔って候 最後の将軍
司馬 遼太郎,シバ リョウタロウ,001004008003/001019001,伊賀忍者の末裔で貧乏御家人の次男坊・柘植信吾は、小さな町道場・無一流指南練心館で代稽古を務めていた。ある日、道場に赴くと、用人格の老人が刺殺されていた。多くを語らない道場主と娘のちの。しかしこれが、巨万の財宝が秘蔵されているという熊野の隠し国・安羅井をめぐる壮絶な戦いの始まりだった。,792,講談社,3.8,13,2007年11月15日頃,講談社文庫,コウダンシャブンコ,文庫,,,新装版　風の武士（上）
司馬遼太郎,"シバ,リョウタロウ",001004004003/001004008003/001019001,武家もそろそろしまいだなー幕末、京の公家達は武家の実体を知ることが急務になった。朝廷の秘命を帯びて江戸下向する公家密偵使、高野則近。従うは大坂侍百済ノ門兵衛、伊賀忍者名張ノ青不動。甲賀刺客との凄惨な血闘あり、風雅な恋あり、面白さ抜群の傑作長篇。,1047,中央公論新社,3.25,4,1999年01月18日頃,中公文庫,チュウコウ ブンコ,文庫,,,花咲ける上方武士道
司馬 遼太郎,シバ リョウタロウ,001004008003/001019001,幕末随一の文明藩、佐賀藩の鍋島閑叟は、若い秀才たちに極端な勉学を強いた。近習・秀島藤之助は、世界最新の高性能大砲の製造を命じられ、頭脳の限り努力する。酷使された才能は斃れたが、完成したアームストロング砲は、彰義隊を壊滅させ、新時代を開いた。風雲の中に躍動する男達を描く、傑作の９編を収録。,836,講談社,3.88,25,2004年12月,講談社文庫,コウダンシャブンコ,文庫,,,新装版　アームストロング砲
司馬 遼太郎,シバ リョウタロウ,001004008003/001019001,明治維新とともに出発した新しい政府は、内外に深刻な問題を抱え絶えず分裂の危機を孕んでいた。明治六年、長い間くすぶり続けていた不満が爆発した。西郷隆盛が主唱した「征韓論」は、国の存亡を賭けた抗争にまで沸騰してゆく。征韓論から、西南戦争の結末まで新生日本を根底からゆさぶった、激動の時代を描く長篇小説全十冊。,726,文藝春秋,3.96,133,2002年02月08日頃,文春文庫,ブンシュンブンコ,文庫,,,翔ぶが如く 一
司馬遼太郎,"シバ,リョウタロウ",001004003001/001004008003/001019001,司馬遼太郎が生涯にわたって書いた短いエッセイ・評論のなかから、そののちの『街道をゆく』に繋がるものを集め、日本全国、北から南まで、あらためて編集し直したアンソロジー。司馬史観をコンパクトに堪能できるうえ、『街道をゆく』シリーズの入門書としても最適。,814,朝日新聞出版,4.75,4,2007年10月,朝日文庫,アサヒ ブンコ,文庫,,,街道をゆく夜話
司馬 遼太郎,シバ リョウタロウ,001004008003/001019001,絢爛たる栄華を誇った豊臣秀吉の天下がかたむきはじめた。かれに老耄の翳がさし、跡継ぎの秀頼はなお幼年の域を出ない。諸大名を掌握し、じりじりと擡頭してくる徳川家康に対して、秀吉は防戦にまわった。かれが死をむかえれば大波瀾はまぬがれぬであろう…。伊右衛門・千代の夫婦は二人して将来への道を必死に探し求める。,726,文藝春秋,4.43,71,2005年03月10日頃,文春文庫,ブンシュンブンコ,文庫,,,功名が辻 3
司馬 遼太郎,シバ リョウタロウ,001004008003/001019001/001019007,足利家の当主のみが持つことを許されるという鬼切りの太刀。しかし、太刀は今参りの局の里屋敷にあった。日野富子は太刀を奪おうとするが、屋敷神・唐天子の幻戯により苦汁を味わう。が、新たに管領細川勝元の策略が今参りの局に迫る。応仁ノ乱前夜、京に蠢く妖異の世界を鮮やかに描いた司馬幻想文学の傑作。,880,講談社,3.3,11,2007年10月16日頃,講談社文庫,コウダンシャブンコ,文庫,,,新装版　妖怪（下）
司馬 遼太郎,シバ リョウタロウ,001004008003/001019001,官兵衛を信長に取りついでくれた荒木村重が信長に謀反を起こし毛利についた。翻意させるべく伊丹を訪れた官兵衛は囚われてしまう。信長は官兵衛も裏切ったと錯覚し、子の松寿丸を殺せと命じた。竹中半兵衛の策で救われるが、官兵衛が牢を出た時は、半兵衛、既に病死。牢を出てからの官兵衛は身も心も変る。,792,講談社,4.03,36,2004年01月15日頃,講談社文庫,コウダンシャブンコ,文庫,,,新装版　播磨灘物語（3）
司馬遼太郎,"シバ,リョウタロウ",001004003001/001004008003/001019001,「文七元結」「大山詣り」「富久」といった落語を思い出しつつ、本所・深川を歩く。三遊亭円朝、三代目柳家小さんのあとは、夏目漱石、芥川龍之介が登場する。落語から明治の近代文章語の成立に話は移っていく。深川っ子の次は神田っ子。本の町神田は著者のなじみでもある。古書街の英雄たち、この町で勃興していく学問の担い手たちが描かれる。近代日本を知的に支えた町でもあった。,1056,朝日新聞出版,4.33,3,2009年04月,朝日文庫,アサヒ ブンコ,文庫,,,街道をゆく（36）新装版
司馬遼太郎,"シバ,リョウタロウ",001004003001/001004008003/001019001,著者が幾度もその小説の主人公に据えた信長・秀吉・家康を生みながら、なぜか『街道をゆく』の“空白地帯”になっていた愛知県をゆく。体調不良を押して紡いだ７話は分量わずかながら、三英傑が目の前に立ち現れてくるよう。『街道』の連載は急逝により２５年で途絶えたが、司馬遼太郎はいつまでも読者の心の中の「街道」を歩き続ける。挿画の安野光雅氏の「司馬千夜一夜」を付載。,550,朝日新聞出版,3.75,4,2009年05月30日頃,朝日文庫,アサヒ ブンコ,文庫,,,街道をゆく（43）新装版
司馬遼太郎,"シバ,リョウタロウ",001004003001/001004008003/001019001,駆け出しの新聞記者として福井地震の惨状を取材した著者にとって、越前は強烈な記憶の場所だった。九頭竜川の育てた肥沃な平野を往来しつつ、永平寺の隆盛と道元の思想を思い、「僧兵八千」を誇りながら越前門徒の一揆にもろくも敗れた平泉寺の盛衰を考える。平泉寺の菩提林で、十余年前に訪れたときと同じ老人に偶然再会する不思議な場面は、そのまま一編の小説になっている。,726,朝日新聞出版,4.17,7,2008年12月,朝日文庫,アサヒ ブンコ,文庫,,,街道をゆく（18）新装版
司馬 遼太郎,シバ リョウタロウ,001004008003/001019001,西郷に続いて官を辞した、もとの司法卿・江藤新平が、明治七年、突如佐賀で叛旗をひるがえした。この乱に素早く対処した大久保は首謀者の江藤を梟首に処すという実に苛酷な措置で決着をつける。これは、政府に背をむけて、隠然たる勢力を養い、独立国の様相を呈し始めている薩摩への、警告、あるいは挑戦であったであろうか。,726,文藝春秋,3.87,55,2002年03月08日頃,文春文庫,ブンシュンブンコ,文庫,,,翔ぶが如く 四
司馬遼太郎,シバリョウタロウ,001004003001/001004008003/001019001,「国家とはなにか」をテーマに、１９９３、９４年に訪れた台湾を描いた長編。蒋家の支配が終了し、急速に民主化がすすみ、歴史が見直されようとしていた。著者は台北、高雄、台東、花蓮などを訪ねる。「台湾」という故郷を失った日本人もいれば、「日本」という故郷を失った台湾人たちもいた。巻末には当時の李登輝総統との歴史的な対談「場所の悲哀」も収録している。,1078,朝日新聞出版,4.26,25,2009年05月07日頃,朝日文庫,アサヒブンコ,文庫,,,街道をゆく40　新装版　台湾紀行
司馬 遼太郎,シバ リョウタロウ,001004008003/001019001,史上最強の剣豪といわれる宮本武蔵。彼の才能の中で、最も卓越したのは「見切り」という計算力だった。試合の相手を選ぶとき、必ず己よりも弱いと見切ってからでなければ、立ち合わなかった…。通説の裏に潜む、武蔵の実像に迫る表題作ほか、さまざまな生き方をした、有名無名五人の剣客を描く短編集。,770,講談社,3.67,16,2006年04月15日頃,講談社文庫,コウダンシャブンコ,文庫,,,新装版　真説宮本武蔵
司馬 遼太郎,シバ リョウタロウ,001004008003/001008022007,,3850,文藝春秋,4.5,2,1973年02月02日頃,,,全集・双書,,,司馬遼太郎全集 第15巻 関ヶ原 二 豊臣家の人々
司馬遼太郎,"シバ,リョウタロウ",001004003001/001004008003/001019001,ときあたかも１９８０年代末の土地バブルに踊る日本をあとに、「国民が国土を創造した」オランダを訪ねる。鎖国時代の日本にとって、暗箱にあいた針穴から射しこむほどのかすかな外光がオランダだったと著者はいい、プロテスタント精神の発露たる商業活動が育てた自律的、合理的な国民性をゆく先々で実感する。さらに、レンブラントやゴッホの絵画への著者の深い理解が共感を呼ぶ。,1034,朝日新聞出版,4.33,6,2009年04月,朝日文庫,アサヒ ブンコ,文庫,,,街道をゆく（35）新装版
司馬遼太郎,"シバ,リョウタロウ",001004003001/001004008003/001007007,春浅い東大寺を訪れた司馬さんの目的は千年以上つづくお水取り（修二会）を見学することでした。藤原鎌足の墓所がある多武峯、藤原氏の氏寺として栄えた興福寺など、時の権力者の意向で翻弄された歴史を持つ寺社仏閣を訪れたあとに、気が遠くなるほどに何ひとつ変わらない伝統行事に触れ「この世には移ろわぬものがあるという安堵感」があると述懐し、文明や文化のあり方について思索を深めていく様子が感じられます。全文掲載。中高生から大人まで。,1540,朝日新聞出版,0.0,0,2016年02月19日頃,,,単行本,全文掲載中高生から大人まで,ゼンブン ケイサイ チュウコウセイ カラ オトナ マデ,司馬遼太郎『街道をゆく』用語解説詳細地図付き奈良散歩
司馬 遼太郎,シバ リョウタロウ,001004008003/001008022007,,3850,文藝春秋,3.0,2,1973年06月29日頃,,,全集・双書,,,司馬遼太郎全集 第24巻 坂の上の雲 一
司馬 遼太郎,シバ リョウタロウ,001004008003/001008022007,,3850,文藝春秋,5.0,3,1973年05月01日頃,,,全集・双書,,,司馬遼太郎全集 第27巻 世に棲む日日
司馬遼太郎,"シバ,リョウタロウ",001004003001/001004008003/001019001,１９７３年、著者は新潟からソ連を経てモンゴルへ飛んだ。まだ旅行が不自由な時代で、入国査証を得て、「わがモンゴルよ」と、心の中で叫ぶ思いがあったという。少年の頃から中国周辺の少数民族にあこがれ、大学時代にモンゴル語を学んだ著者にとって、念願のかなった旅となる。満天の星空に圧倒され、須田剋太画伯とゴビ草原の夜をさまよい歩く場面が心に残る。,682,朝日新聞出版,4.08,13,2008年09月,朝日文庫,アサヒ ブンコ,文庫,,,街道をゆく（5）新装版
司馬遼太郎,"シバ,リョウタロウ",001004003001/001004008003/001019001,韓国南端の済州島を、そこを故郷に持つ在日の畏友二人を先達に歩く。日本に押し寄せた蒙古軍が馬を肥やした漢拏山麓の草原をめぐり、巫人や海女など古層で日本文化とつながる民俗を訪ねる。繰り返し表れるのは、朝鮮史五百年の停滞をもたらした科挙および朱子学への強い批判と、巻き込まれざるを得なかった民衆への哀憐の情。著者による朝鮮（民族）論の集大成の観がある一冊。,770,朝日新聞出版,4.2,5,2009年02月,朝日文庫,アサヒ ブンコ,文庫,,,街道をゆく（28）新装版
司馬 遼太郎,シバ リョウタロウ,001004008003/001019001,,803,講談社,4.38,9,2007年08月10日頃,講談社文庫,コウダンシャブンコ,文庫,,,新装版　尻啖え孫市（上）
司馬 遼太郎,シバ リョウタロウ,001004008003/001019001,西郷隆盛と大久保利通ーともに薩摩に生をうけ、維新の立役者となり、そして今や新政府の領袖である二人は、年来の友誼を捨て、征韓論をめぐり、鋭く対立した。西郷＝征韓論派、大久保＝反征韓論派の激突は、政府を崩壊させ、日本中を大混乱におとしいれた。事態の収拾を誤ることがあれば、この国は一気に滅ぶであろう…。,726,文藝春秋,3.84,60,2002年02月08日頃,文春文庫,ブンシュンブンコ,文庫,,,翔ぶが如く 二
司馬遼太郎,シバ リョウタロウ,001004008003/001019001,ー西郷と大久保の議論は、感情に馳せてややもすれば道理の外に出で、一座、呆然として喙を容るるに由なき光景であったー。明治六年十月の廟議は、征韓論をめぐって激しく火花を散らした。そして…西郷は敗れた。故国へ帰る彼を慕い、薩摩系の士官達は陸続として東京を去ってゆくー内戦への不安は、現実となった。,726,文藝春秋,3.82,53,2002年03月08日頃,文春文庫,ブンシュンブンコ,文庫,,,翔ぶが如く（3）新装版
司馬 遼太郎,シバ リョウタロウ,001004008003,幕府と薩長の武力闘争が避けられぬ緊迫した状況下で、竜馬は卓抜した収拾策を打ち出した。歴史は急旋回を始めた…。幕末の風雲児・坂本竜馬の生涯。,1571,文藝春秋,4.36,12,1988年10月07日頃,,,単行本,,,竜馬がゆく 回天篇
司馬 遼太郎,シバ リョウタロウ,001004008003,奇蹟が起きた。凄まじく僧悪しあっている薩摩藩と長州藩が竜馬の奔走で手を組んだのだ。維新への扉は大きく開かれた。幕末の風雲児・坂本竜馬の生涯。,1760,文藝春秋,4.33,7,1988年10月07日頃,,,単行本,,,竜馬がゆく 怒涛篇
司馬 遼太郎,シバ リョウタロウ,001004008003,反動の季節が来た。薩摩藩は保守化し、長州藩は没落した。土佐の勤王政権も瓦解する中で竜馬はひとりわが道をゆく。幕末の風雲児・坂本竜馬の生涯。,1519,文藝春秋,3.64,12,1988年10月07日頃,,,単行本,,,竜馬がゆく 狂瀾篇
司馬遼太郎,"シバ,リョウタロウ",001004004003/001004008003/001019001,歴史を変革する人物を描きつづけた著者が初めて身近な、正岡子規の詩心と情趣を受け継いだひとびとの豊饒にして清々しい人生を深い共感と愛惜をこめて刻む。司馬文学の核心をなす画期的長篇。読売文学賞受賞。,733,中央公論新社,3.8,11,1995年02月,中公文庫,チュウコウ ブンコ,文庫,,,ひとびとの跫音（あしおと）（上巻）改版
司馬 遼太郎,シバ リョウタロウ,001004008003,旅順の乃木軍司令部から児玉のもとに入ってくる報告は、ことごとく敗報であった。-旅順の要塞との死闘はつづいていた。要塞に対し正面攻撃に固執する乃木軍は、兵士たちを死地へと追いやりつづけた。兵力が衰えるなか、攻撃の主目標を二〇三高地に限定せよとの声が高まる。そこからは、旅順港が眼下に見下ろせるからであった。「日本人とは何か」を問う畢生の大作。,1870,文藝春秋,4.55,15,2004年05月14日頃,,,単行本,,,坂の上の雲 四
司馬 遼太郎,シバ リョウタロウ,001004008003,,2200,文藝春秋,4.0,2,2005年05月12日頃,,,全集・双書,,,司馬遼太郎短篇全集 第二巻
司馬 遼太郎,シバ リョウタロウ,001004008003,この十九世紀末というのは、地球は列強の陰謀と戦争の舞台でしかない。-日清戦争の勝利にわく日本。しかし、思惑が複雑にからみながら列強の干渉は強まる。秋山好古は対コサック騎兵作戦を、秋山真之は対バルチック艦隊戦略を着々とたてはじめる。そして正岡子規はその最後の情熱をかきたて、文学にむかう。,1650,文藝春秋,4.64,12,2004年04月12日頃,,,単行本,,,坂の上の雲 二
司馬 遼太郎,シバ リョウタロウ,001004008003/001008022007,,3737,文藝春秋,4.5,2,1983年09月12日頃,,,全集・双書,,,司馬遼太郎全集 第38巻 翔ぶが如く 四
司馬 遼太郎,シバ リョウタロウ,001004008003/001008022007,,3850,文藝春秋,3.0,1,1974年01月29日頃,,,全集・双書,,,司馬遼太郎全集 第29巻 城塞 二 胡桃に酒 故郷忘じがたく候
司馬 遼太郎,シバ リョウタロウ,001004003001/001004004003/001004008003,日本人の底の底には無思想という思想、簡単に言ってしまうと美意識があるのではないかと思うー日本人が初めて持った歴史観、庶民の風土、「手ざわり」感覚で受け止める伝統的美人、義経という人気者、幕末三百藩の自然人格。歴史小説に新しい地平を開いた圧倒的国民作家が、自らの発想の原点を解き明かした好エッセイ集。,638,文藝春秋,3.67,3,2012年05月10日頃,文春文庫,ブンシュンブンコ,文庫,,,手掘り日本史新装版
司馬遼太郎,"シバ,リョウタロウ",001004003001/001004008003/001019001,「粋な言葉を県名にしたものだ」と、筆者は書く。「いい女」という意味の愛媛を南下する。正岡子規、高浜虚子の松山を出発し、大洲を経て卯之町へ。シーボルトの娘、イネを育てた二宮敬作を思いながら、やがてなじみの宇和島に着く。草創期の宇和島伊達藩を支えた家老の山家清兵衛を偲びつつ、友人たちとてんやわんやの宇和島名物「寄合酒」を楽しむ旅でもあった。,572,朝日新聞出版,4.2,11,2008年11月,朝日文庫,アサヒ ブンコ,文庫,,,街道をゆく（14）新装版
司馬遼太郎,"シバ,リョウタロウ",001004003001/001004008003/001019001,いまなお妖精の棲む「アイルランドの中のアイルランド」に、いよいよ足を踏み入れる。アラン島に象徴される荒れ地と英国支配のくびきが育んだ信仰、孤独、幻想…。そして、それらアイルランド的な性格なしには生まれ得なかった文学。「山河も民族も国も、ひとりの“アイルランド”という名の作家が古代から書きつづけてきた長大な作品のようでもある」という感慨とともに旅は終点へ。,704,朝日新聞出版,4.17,7,2009年03月,朝日文庫,アサヒ ブンコ,文庫,,,街道をゆく（31）新装版
司馬 遼太郎,シバ リョウタロウ,001004008003/001008022007,,3737,文藝春秋,0.0,0,1984年08月21日頃,,,全集・双書,,,司馬遼太郎全集 第49巻 街道をゆく 三
司馬 遼太郎,シバ リョウタロウ,001004008003,まことに小さな国が、開化期をむかえようとしている。-伊予松山出身の三人、無敵を誇ったコサック騎兵を破った陸軍の名将・秋山好古、その弟でバルチック艦隊殲滅作戦をたてた海軍の名参謀・秋山真之、そして近代短歌・俳句の開祖・正岡子規。それぞれの青春は、清新な時代の風をうけ、夢を大きくふくらませてゆく。,1760,文藝春秋,4.29,16,2004年04月12日頃,,,単行本,,,坂の上の雲 一
司馬 遼太郎,シバ リョウタロウ,001004008003,“『竜馬がゆく』連載開始のころ”司馬遼太郎は言った。「短篇小説を書くというのは、空気を絞って水を滴らすほどのエネルギーがいる」そうして生まれた短篇の豊かな世界を発表順に味わう。,1885,文藝春秋,4.5,2,2005年09月09日頃,,,全集・双書,,,司馬遼太郎短篇全集 第六巻
司馬 遼太郎,シバ リョウタロウ,001004008003/001008022007,,3737,文藝春秋,4.0,2,1983年06月10日頃,,,全集・双書,,,司馬遼太郎全集 第35巻 翔ぶが如く 一
司馬 遼太郎,シバ リョウタロウ,001004008003/001008022007,,3737,文藝春秋,3.5,2,1983年04月11日頃,,,全集・双書,,,司馬遼太郎全集 第33巻 播磨灘物語 一
司馬 遼太郎,シバ リョウタロウ,001004008003/001008022007,,3737,文藝春秋,3.0,2,1972年05月30日頃,,,全集・双書,,,司馬遼太郎全集 第5巻 竜馬がゆく 三
司馬 遼太郎,シバ リョウタロウ,001004008003/001008022007,,3737,文藝春秋,3.0,1,1973年12月27日頃,,,全集・双書,,,司馬遼太郎全集 第28巻 城塞 一
司馬遼太郎,"シバ,リョウタロウ",001004004003/001004008003/001019001,詩人、革命家など鮮烈な個性に慕われつつ、自らは無名の市井人として生きた正岡家の養子忠三郎ら、人生の達人といった風韻をもつひとびとの境涯を描く。「人間が生まれて死んでゆくという情趣」を織りなして、香気ただよう名作。,607,中央公論新社,4.0,11,1995年02月,中公文庫,チュウコウブンコ,文庫,,,ひとびとの跫音（あしおと）（下巻）改版
司馬 遼太郎,シバ リョウタロウ,001004008003,,1885,文藝春秋,4.5,2,2006年03月14日頃,,,全集・双書,,,司馬遼太郎短篇全集 第十二巻
司馬 遼太郎,シバ リョウタロウ,001004008003/001008022007,,3737,文藝春秋,0.0,0,1981年12月,,,全集・双書,,,司馬遼太郎全集 第9巻 功名が辻
司馬 遼太郎,シバ リョウタロウ,001004008003/001008022007,,3737,文藝春秋,3.5,2,1971年12月28日頃,,,全集・双書,,,司馬遼太郎全集 第21巻 義経
司馬 遼太郎,シバ リョウタロウ,001004008003,『功名が辻』連載中のころ司馬遼太郎は言った。「短篇小説を書くというのは、空気を絞って水を滴らすほどのエネルギーがいる」そうして生まれた短篇の豊かな世界を発表順に味わう。,2514,文藝春秋,0.0,0,2005年12月15日頃,,,全集・双書,,,司馬遼太郎短篇全集 第九巻
司馬 遼太郎,シバ リョウタロウ,001004008003/001019001,,880,新潮社,4.47,22,2004年12月,新潮文庫　新潮文庫,シンチョウブンコ　シンチョウブンコ,文庫,,,胡蝶の夢 2
司馬遼太郎,"シバ,リョウタロウ",001004003001/001004008003/001019001,横浜のホテルに宿泊して勤め人のように通いつつ取材する著者。目的地は、ごく小さな場所ながら日本史を旋回させる舞台となった、三浦半島だ。あまたの武者の血を吸った鎌倉の地を歩いては、現代の日本にとっても重要な要素である武士の起こりと「中世」の成立を考える。横須賀では記念艦として保存されている戦艦「三笠」を再訪し、『坂の上の雲』取材時の「秘話」もつづる。,836,朝日新聞出版,3.73,13,2009年05月,朝日文庫,アサヒ ブンコ,文庫,,,街道をゆく（42）新装版
司馬 遼太郎,シバ リョウタロウ,001004008003,,1885,文藝春秋,5.0,1,2006年02月13日頃,,,全集・双書,,,司馬遼太郎短篇全集 第十一巻
司馬 遼太郎,シバ リョウタロウ,001004008003,,2514,文藝春秋,0.0,0,2006年01月16日頃,,,全集・双書,,,司馬遼太郎短篇全集 第十巻
司馬 遼太郎,シバ リョウタロウ,001004008003/001008022007,,3737,文藝春秋,0.0,0,1972年08月29日頃,,,全集・双書,,,司馬遼太郎全集 第13巻 俄 浪華遊侠伝
司馬　遼太郎/蓬田　やすひろ,シバ　リヨウタロウ/ヨモギダ　ヤスヒロ,001004008003/001004008008/001019001/001019007,奥州の馬医者の次男に生まれた周作は、千葉家の守り神である北斗七星に「天下の剣壇の総帥にならん」と誓いを立てた。剣客にふさわしからぬ含羞と繊細さをもった少年は、中西派一刀流の竹刀剣術を学ぶため江戸に出た。しかし、晦渋な秘儀に堕した兵法に反逆し、独自の剣の道を究めるべく、廻国修行に旅立つ。おのれの理想と剣技だけを頼りに北辰一刀流を開いた千葉周作。剣豪の青年期を爽やかに描いた不朽の名作が大きな活字の新装版で再登場。,990,KADOKAWA,4.31,13,2004年02月25日頃,角川文庫,カドカワブンコ,文庫,,,北斗の人　新装版
司馬遼太郎,シバ リョウタロウ,001004008003/001019001,台湾撤兵以後、全国的に慢性化している士族の反乱気分を、政府は抑えかねていた。鹿児島の私学校の潰滅を狙う政府は、その戦略として前原一誠を頭目とする長州人集団を潰そうとする。川路利良が放つ密偵は萩において前原を牽制した。しかし、士族の蜂起は熊本の方が早かった。明治九年、神風連ノ乱である。,726,文藝春秋,3.77,41,2002年04月10日頃,文春文庫,ブンシュンブンコ,文庫,,,翔ぶが如く（6）新装版
司馬 遼太郎,シバ リョウタロウ,001004008003/001008022007,,3850,文藝春秋,0.0,0,1983年11月10日頃,,,全集・双書,,,司馬遼太郎全集 第40巻 胡蝶の夢 一
司馬 遼太郎,シバ リョウタロウ,001004008003/001008022007,,3850,文藝春秋,0.0,0,1973年08月28日頃,,,全集・双書,,,司馬遼太郎全集 第26巻 坂の上の雲 三
司馬遼太郎,"シバ,リョウタロウ",001004003001/001004008003/001007007,「私はどうにも近江が好きである」と、『街道をゆく』シリーズで、すでに足を運んだ滋賀県を再訪した司馬さん。彦根城や姉川の古戦場、安土城趾などをめぐる旅の合間に、安藤広重の浮世絵に描かれたままの、変わらないたたずまいのもぐさ店を見かけ、胸をなでおろします。バブル経済を迎えようとする１９８０年代初頭の日本で繰り広げられていた乱開発。その魔の手が、琵琶湖の水質汚染を招いていることを目にし、旅の終盤では日本の行く末を憂う言葉が散見されるようになります。全文掲載。中高生から大人まで。,1760,朝日新聞出版,4.5,3,2016年02月19日頃,,,単行本,全文掲載中高生から大人まで,ゼンブン ケイサイ チュウコウセイ カラ オトナ マデ,司馬遼太郎『街道をゆく』用語解説詳細地図付き近江散歩
司馬遼太郎,"シバ,リョウタロウ",001004003001/001004008003/001007007,受験僧が試験官の質問に答える天台宗の宗教行事「法華大会」。その当日を迎え、司馬さんは比叡山延暦寺に踏み込みます。広大な敷地の中に「三塔十六谷」が点在する叡山。「法華大会」のほかにも、山中の聖地を拝礼して回る「回峯行」など、それぞれの塔と谷に独自の文化が色濃く残っています。その歴史について、輩出した親鸞、法然ら日本仏教の巨星たちや、織田信長による焼き討ちなどに言及しながら、わかりやすく解説していきます。,1540,朝日新聞出版,4.0,1,2016年03月25日頃,,,単行本,全文掲載中高生から大人まで,ゼンブン ケイサイ チュウコウセイ カラ オトナ マデ,司馬遼太郎『街道をゆく』用語解説詳細地図付き叡山の諸道（2）
司馬遼太郎,"シバ,リョウタロウ",001004003001/001004008003/001007007,東大阪在住の司馬さんが、「とりあえず江戸っ子の産地じゃないか」と思い、訪ねることにしたのは本所深川でした。川並（筏師）や鳶の頭に話を聞き、本所の町家が舞台の『文七元結』、この辺りで江戸時代に盛んに行われていた『大山詣り』、富岡八幡宮が登場する『富久』といった古典落語を枕に名所を訪ね歩きます。三遊亭円朝や三代目柳家小さんなど明治時代に活躍した落語家たちに触れたあとには、夏目漱石、芥川龍之介ら明治の文豪たちにまで話が及んでいきます。全文掲載、中高生から大人まで。,1540,朝日新聞出版,0.0,1,2016年02月19日頃,,,単行本,全文掲載中高生から大人まで,ゼンブン ケイサイ チュウコウセイ カラ オトナ マデ,司馬遼太郎『街道をゆく』用語解説詳細地図付き本所深川散歩
司馬遼太郎,"シバ,リョウタロウ",001004003001/001004008003/001019001,能、狂言、茶道、絵画などが勃興し、現在の日本文化の原点といえる室町の世を考えながら早春の京都・紫野を歩いた「大徳寺散歩」。大燈・一休以来の厳しい禅風がいまも生きる境内を、心地よい緊張感を感じつつゆく。「中津・宇佐のみち」では、宇佐使の宇佐八幡、黒田官兵衛の築いた中津城と、歴史をたどる。そして幕末の中津が生んだ福沢諭吉の、独立不羈の精神について多く筆を費やす。,748,朝日新聞出版,4.0,2,2009年04月,朝日文庫,アサヒ ブンコ,文庫,,,街道をゆく（34）新装版
司馬 遼太郎,シバ リョウタロウ,001004008003/001008022007,,3737,文藝春秋,0.0,0,1983年10月07日頃,,,全集・双書,,,司馬遼太郎全集 第39巻 空海の風景 鬼灯
司馬遼太郎,"シバ,リョウタロウ",001004003001/001004008003/001019001,象潟の蚶満寺に、『街道をゆく』としてはめずらしく戦友を訪ねるところから「秋田県散歩」の旅は始まる。菅江真澄、狩野亨吉、内藤湖南など、清明無私で著者好みの先人を追う足は、南部との藩境近くまで伸びた。「飛騨の匠」の伝統、戦国期の支配者・金森氏の洗練、鉱山を背景にした富裕の跡を訪ねる「飛騨紀行」。下界と隔絶した感のある高原の国ゆえに残る「品のよさ」を再確認する。,792,朝日新聞出版,4.0,3,2009年03月,朝日文庫,アサヒ ブンコ,文庫,,,街道をゆく（29）新装版
司馬遼太郎,"シバ,リョウタロウ",001004003001/001004008003/001019001,１９８２年、筆者はフランス、スペイン、ポルトガルの旅に出る。『街道』シリーズ初のヨーロッパ行で、日本にキリスト教を伝えたフランシスコ・ザヴィエルの人生をたどってゆく。学んだパリ大学、イエズス会の結盟を誓ったモンマルトルの丘を訪ね、バスクの地へ。生誕地のザヴィエル城では自分を「オバケ」と呼ぶ修道士が現れる。濃厚なバスク人の世界に包まれてゆく。大きな活字で装いも新たに、新装文庫版。,990,朝日新聞出版,4.5,4,2009年01月,朝日文庫,アサヒ ブンコ,文庫,,,街道をゆく（22）新装版
司馬 遼太郎,シバ リョウタロウ,001004008003/001008022007,,3737,文藝春秋,4.0,1,1972年06月29日頃,,,全集・双書,,,司馬遼太郎全集 第8巻 シリクラエマゴイチ
司馬遼太郎,"シバ,リョウタロウ",001004003001/001004008003/001019001,人口は少ないが、アイルランドは堂々たる「文学大国」。ジョナサン・スウィフトやオスカー・ワイルド、Ｗ・Ｂ・イェイツ、ジェイムズ・ジョイスなどを生んだ。隣のイギリスとは、政治的にも宗教的にも長く戦ってきた歴史をもつ。ロンドンで漱石を想い、リバプールでビートルズを感じ、ダブリンへ。ケルトの魂に触れつつ、躍動感のある旅がはじまった。,726,朝日新聞出版,3.67,10,2009年03月,朝日文庫,アサヒ ブンコ,文庫,,,街道をゆく（30）新装版
司馬 遼太郎,シバ リョウタロウ,001004008003/001019001,瓦解する幕府の海陸軍軍医総裁となった松本良順は、官軍の来襲とともに江戸を脱出し会津に向かう。他方、ともにポンペ医学を学んだ関寛斎も、官軍野戦病院長として会津に進軍し良順と対峙する。そして、激動のなかで何らなすところなく死んでゆく伊之助。徳川政権の崩壊を、権力者ではなく、蘭学という時代を先取りした学問を学んだ若者たちの眼を通して重層的に映し出した歴史長編。,880,新潮社,4.16,30,1983年12月27日頃,新潮文庫　新潮文庫,シンチョウブンコ　シンチョウブンコ,文庫,,,胡蝶の夢 4
司馬 遼太郎,シバ リョウタロウ,001004008003/001008022007,,3737,文藝春秋,4.0,1,1983年07月11日頃,,,全集・双書,,,司馬遼太郎全集 第36巻 翔ぶが如く 二
司馬遼太郎,"シバ,リョウタロウ",001004003001/001004008003/001019001,死にもの狂いの努力で湛水地を美田に変えてきた地が、政治絡みの投機対象になっている皮肉を目撃することになった「潟のみち」。そして「信州佐久平みち」では旅のさなか、日本を土建国家に染め上げた前首相逮捕さるの報に接する。ほかに、古さびた湊に平家の昔の殷賑をしのぶ「播州揖保川・室津みち」、山上の一大宗教都市を訪ねる「高野山みち」を収める。,770,朝日新聞出版,4.28,7,2008年10月,朝日文庫,アサヒ ブンコ,文庫,,,街道をゆく（9）新装版
司馬遼太郎,"シバ,リョウタロウ",001004003001/001004008003/001007007,「古本屋さんと出版社と、それに付随する印刷屋のまち」神田。江戸時代は火事を避けるための野っ原（＝火除地）だったこの町は、時代が転換したことで、近代日本の知性を支える学生街へと変貌していきます。福沢諭吉、森鴎外、夏目漱石、正岡子規、岩波書店の創業者である岩波茂雄、そして司馬さんが敬愛する古書店の店主たち…。この街に住み、かかわった人びとの足跡をたどり、近代日本の知性の源泉に迫ります。全文掲載。中高生から大人まで。,1980,朝日新聞出版,3.0,1,2016年02月19日頃,,,単行本,全文掲載中高生から大人まで,ゼンブン ケイサイ チュウコウセイ カラ オトナ マデ,司馬遼太郎『街道をゆく』用語解説詳細地図付き神田界隈
司馬遼太郎,"シバ,リョウタロウ",001004008003,,3410,埼玉福祉会,0.0,0,2015年06月,大活字本シリーズ,ダイカツジボン シリーズ,単行本,,,十一番目の志士（4）
司馬遼太郎,"シバ,リョウタロウ",001004008003,,3520,埼玉福祉会,0.0,0,2015年06月,大活字本シリーズ,ダイカツジボン シリーズ,単行本,,,十一番目の志士（3）
司馬 遼太郎,シバ リョウタロウ,001004008003/001008022007,,3737,文藝春秋,0.0,0,1972年01月31日頃,,,全集・双書,,,司馬遼太郎全集 第7巻 新撰組血風録 幕末
司馬 遼太郎,シバ リョウタロウ,001004008003/001008022007,,3850,文藝春秋,3.0,1,1972年11月29日頃,,,全集・双書,,,司馬遼太郎全集 第17巻 新史太閤記
司馬 遼太郎,シバ リョウタロウ,001004008003/001019001,「わが一生は、一場の俄のようなものだ」。大侠客となった万吉は、藩州一柳藩に依頼され、攘夷派の浪士たちが横行しだした西大阪を警備する侍大将を引き受ける。おのれの勘と才覚を頼りに、場当たり的に幕末維新から明治の騒乱の中をたくましく生き抜いた“怪態な男”の浮枕を描いた、異色の上方任侠一代記。,990,講談社,4.41,18,2007年06月,講談社文庫,コウダンシャブンコ,文庫,,,新装版　俄（下）　浪華遊侠伝
司馬 遼太郎,シバ リョウタロウ,001004008003/001019001,江戸後期、淡路島の貧家に生れた高田屋嘉兵衛は、悲惨な境遇から海の男として身を起し、ついには北辺の蝦夷・千島の海で活躍する偉大な商人に成長してゆく…。沸騰する商品経済を内包しつつも頑なに国をとざし続ける日本と、南下する大国ロシアとのはざまで数奇な運命を生き抜いた快男児の生涯を雄大な構想で描く。,825,文藝春秋,4.28,57,2000年09月01日頃,文春文庫,ブンシュンブンコ,文庫,,,菜の花の沖 一
司馬 遼太郎,シバ リョウタロウ,001004008003/001019001,驚異的技術と凄まじい職業意識を持つ怪人たち、伊賀忍者はいかにしてつくられどのように生きたか。城取り、後方撹乱、探索密偵等、戦国の武器として使いちらされた危険な傭兵、詐略と非情の上に成り立つ苛酷な働きが、歴史の動きに影響を与えた不思議な人間たちを、自在に描く短編等、魅力溢れる７編を収録。,792,講談社,3.75,14,2007年02月15日頃,講談社文庫,コウダンシャブンコ,文庫,,,新装版　最後の伊賀者
司馬 遼太郎,シバ リョウタロウ,001004008003,維新史上の奇蹟といわれる、坂本竜馬の劇的な生涯を中心に、同時代をひたむきに生きた若者達の群像を描く長篇歴史小説全５巻。,1571,文藝春秋,4.45,20,1988年10月07日頃,,,単行本,,,竜馬がゆく 立志篇
司馬遼太郎,"シバ,リョウタロウ",001004003001/001004008003/001019001,明治の日本で、欧米文化を地方に配る配電盤の役割を一手に引き受けた東京。中心は東大をもつ本郷だった。夏目漱石の「三四郎」をテキストにして、東京の成立の玄妙さを考える。登場人場に「日本は亡びるね」といわせた漱石に、深い共感を寄せる。執筆したのはバブルの崩壊が進行中の時代で、筆者も同じことを考えていたのだろう。ラストの三四郎池で、釣りの少年との会話が印象に残る。,836,朝日新聞出版,4.0,5,2009年04月,朝日文庫,アサヒ ブンコ,文庫,,,街道をゆく（37）新装版
司馬遼太郎,"シバ,リョウタロウ",001004008003,,3300,埼玉福祉会,0.0,0,2017年06月,大活字本シリーズ,ダイカツジボン シリーズ,単行本,,,夏草の賦（三）
司馬 遼太郎,シバ リョウタロウ,001004008003/001008022007,,3737,文藝春秋,0.0,0,1984年03月12日頃,,,全集・双書,,,司馬遼太郎全集 第44巻 菜の花の沖 三
司馬 遼太郎,シバ リョウタロウ,001004008003/001008022007,,3737,文藝春秋,0.0,0,1984年06月19日頃,,,全集・双書,,,司馬遼太郎全集 第47巻 人間の集団について 街道をゆく 一
司馬 遼太郎,シバ リョウタロウ,001004008003/001008022007,,3737,文藝春秋,0.0,0,1984年07月19日頃,,,全集・双書,,,司馬遼太郎全集 第48巻 街道をゆく 二
司馬 遼太郎,シバ リョウタロウ,001004008003/001008022007,,3850,文藝春秋,0.0,0,1973年09月27日頃,,,全集・双書,,,司馬遼太郎全集 第22巻 妖怪 花の館
司馬 遼太郎,シバ リョウタロウ,001004008003/001008022007,,3737,文藝春秋,4.0,1,1983年12月12日頃,,,全集・双書,,,司馬遼太郎全集 第41巻 胡蝶の夢 二
司馬 遼太郎,シバ リョウタロウ,001004008003/001008022007,,3737,文藝春秋,0.0,0,1973年11月29日頃,,,全集・双書,,,司馬遼太郎全集 第12巻 北斗の人 宮本武蔵
司馬遼太郎,"シバ,リョウタロウ",001004003001/001004008003/001019001,津軽衆と南部衆の応酬を酒場で楽しみ、太宰治の孤独を考える。弘前城の近くの商家では、石坂洋次郎の教え子だった、魅力的なおばあさんに出会う。下北半島では会津藩を思い、マタギ衆の熊狩りの話も聞いた。異色のタイトルは、古代の青森は物成りのいい「まほろば」だったのではと考えてつけたもの。連載中に縄文時代の繁栄を物語る三内丸山遺跡が発見され、著者はご機嫌だった。,968,朝日新聞出版,4.0,3,2009年05月,朝日文庫,アサヒ ブンコ,文庫,,,街道をゆく（41）新装版
司馬 遼太郎,シバ リョウタロウ,001004008003/001019001,私の志は、剣を磨くだけではなく、一流を興すこと。北辰一刀流を興すには他流と優劣を競い打ち負かした上で、他流よりも優れているという世評を確立しなければならないー。江戸末期、最強の剣豪といわれた千葉周作が、若き日の野望を現実のものとするまでの修行、戦い、心理を克明に描く傑作時代長編。,792,講談社,4.64,12,2006年02月15日頃,講談社文庫,コウダンシャブンコ,文庫,,,新装版　北斗の人（上）
司馬 遼太郎,シバ リョウタロウ,001004008003/001019001,ポンペの帰国とともに江戸の医学所の頭取となった松本良順は、緊張した時局の中で不眠に苦しんでいる一橋慶喜の主治医となり、阿片を用いてこれを治す。一方、語学の天才・伊之助は「七新薬」という蘭方の医書を刊行するまでになったが、その特異な性格が周囲に容れられず、再び佐渡に逼塞する。また、赤貧のなかでポンペ医学を修めた関寛斎は、請われて阿波蜂須賀家の侍医となる。,825,新潮社,4.44,16,2005年03月,新潮文庫　新潮文庫,シンチョウブンコ　シンチョウブンコ,文庫,,,胡蝶の夢 3
司馬 遼太郎,シバ リョウタロウ,001004008003/001019001,官兵衛は信長に新時代が出現しつつあるというまぶしさを感じていた。「だからこそ織田家をえらんだ」のだ。信長に拝謁した官兵衛は、「播州のことは秀吉に相談せよ」と言われ秀吉に会う。秀吉は官兵衛の才を認め、官兵衛も「この男のために何かせねばなるまい」と感じた。ふたりの濃密な関係が始まった。,770,講談社,4.03,40,2004年01月15日頃,講談社文庫,コウダンシャブンコ,文庫,,,新装版　播磨灘物語（2）
司馬 遼太郎,シバ リョウタロウ,001004008003/001008022007,,3737,文藝春秋,5.0,6,1971年09月22日頃,,,全集・双書,,,司馬遼太郎全集 第6巻 燃えよ剣
司馬遼太郎,"シバ,リョウタロウ",001004008003,,3190,埼玉福祉会,0.0,0,2017年06月,大活字本シリーズ,ダイカツジボン シリーズ,単行本,,,夏草の賦（一）
司馬 遼太郎,シバ リョウタロウ,001004008003/001008022007,民を愛さぬ守護・地頭など滅びるがいい！徒手空拳、伊豆・相模を手中に収め戦国時代の先駆となった快男児、北条早雲の鮮烈な生涯。,3771,文藝春秋,0.0,0,1998年10月08日頃,,,全集・双書,,,司馬遼太郎全集 第51巻 箱根の坂
司馬 遼太郎,シバ リョウタロウ,001004008003/001008022007,,3737,文藝春秋,0.0,0,1974年04月30日頃,,,全集・双書,,,司馬遼太郎全集 第32巻 評論随筆集
